Postcode,Suburbs
2000,"BARANGAROO, DAWES POINT, HAYMARKET, MILLERS POINT, SYDNEY, THE ROCKS"
2007,ULTIMO
2008,"CHIPPENDALE, DARLINGTON"
2009,PYRMONT
2010,"DARLINGHURST, SURRY HILLS"
2011,"ELIZABETH BAY, POTTS POINT, RUSHCUTTERS BAY, WOOLLOOMOOLOO"
2015,"ALEXANDRIA, BEACONSFIELD, EVELEIGH, MASCOT"
2016,REDFERN
2017,"WATERLOO, ZETLAND"
2018,"EASTLAKES, ROSEBERY"
2019,"BANKSMEADOW, BOTANY, BOTANY BAY"
2020,"BOTANY BAY, MASCOT"
2021,"CENTENNIAL PARK, EDGECLIFF, KENSINGTON, MOORE PARK, PADDINGTON, REDFERN, SURRY HILLS, WATERLOO"
2022,"BONDI, BONDI JUNCTION, QUEENS PARK"
2023,"BELLEVUE HILL, DOUBLE BAY, ROSE BAY"
2024,"BRONTE, TAMARAMA, WAVERLEY"
2025,WOOLLAHRA
2026,"BONDI, BONDI BEACH, BRONTE, DOVER HEIGHTS, NORTH BONDI, ROSE BAY, TAMARAMA"
2027,"DARLING POINT, DOUBLE BAY, EDGECLIFF, POINT PIPER, WOOLLAHRA"
2028,"DOUBLE BAY, EDGECLIFF, WOOLLAHRA"
2029,"BELLEVUE HILL, DOVER HEIGHTS, ROSE BAY"
2030,"DOVER HEIGHTS, NORTH BONDI, ROSE BAY, VAUCLUSE, WATSONS BAY"
2031,"CLOVELLY, RANDWICK"
2032,"DACEYVILLE, KENSINGTON, KINGSFORD"
2033,"KENSINGTON, KINGSFORD, MOORE PARK"
2034,"COOGEE, SOUTH COOGEE"
2035,"MAROUBRA, PAGEWOOD"
2036,"BOTANY BAY, CHIFLEY, EASTGARDENS, HILLSDALE, LA PEROUSE, LITTLE BAY, MALABAR, MATRAVILLE, PHILLIP BAY, PORT BOTANY"
2037,"FOREST LODGE, GLEBE"
2038,ANNANDALE
2039,"LILYFIELD, ROZELLE"
2040,"LEICHHARDT, LILYFIELD"
2041,"BALMAIN, BALMAIN EAST, BIRCHGROVE, ROZELLE"
2042,"CAMPERDOWN, ENMORE, MARRICKVILLE, NEWTOWN, STANMORE"
2043,"ALEXANDRIA, ERSKINEVILLE"
2044,"ST PETERS, SYDENHAM, TEMPE"
2045,HABERFIELD
2046,"ABBOTSFORD, CANADA BAY, CHISWICK, CONCORD, FIVE DOCK, HABERFIELD, RODD POINT, RUSSELL LEA, WAREEMBA"
2047,DRUMMOYNE
2048,"CAMPERDOWN, ENMORE, PETERSHAM, STANMORE"
2049,"DULWICH HILL, LEWISHAM, MARRICKVILLE, PETERSHAM, STANMORE"
2050,"CAMPERDOWN, NEWTOWN, STANMORE"
2060,"CAMMERAY, CROWS NEST, KIRRIBILLI, LAVENDER BAY, MCMAHONS POINT, NEUTRAL BAY, NORTH SYDNEY, WAVERTON"
2061,"KIRRIBILLI, LAVENDER BAY, MILSONS POINT, NORTH SYDNEY"
2062,"CAMMERAY, CREMORNE, CROWS NEST, NORTH SYDNEY"
2063,"MIDDLE HARBOUR, NORTHBRIDGE"
2064,ARTARMON
2065,"CROWS NEST, GREENWICH, NAREMBURN, ST LEONARDS, WAVERTON, WOLLSTONECRAFT"
2066,"LANE COVE, LANE COVE NORTH, LANE COVE WEST, LINLEY POINT, LONGUEVILLE, NORTHWOOD, RIVERVIEW"
2067,"CHATSWOOD, CHATSWOOD WEST, LANE COVE NORTH, NORTH WILLOUGHBY, WILLOUGHBY"
2068,"CASTLECRAG, CHATSWOOD, MIDDLE COVE, MIDDLE HARBOUR, NORTH WILLOUGHBY, WILLOUGHBY, WILLOUGHBY EAST"
2069,"CASTLE COVE, LINDFIELD, MIDDLE HARBOUR, ROSEVILLE, ROSEVILLE CHASE"
2070,"EAST LINDFIELD, KILLARA, LINDFIELD, MIDDLE HARBOUR"
2071,"EAST KILLARA, KILLARA, LINDFIELD, MIDDLE HARBOUR"
2072,"GORDON, KILLARA"
2073,"GORDON, PYMBLE, SOUTH TURRAMURRA, TURRAMURRA, WEST PYMBLE"
2074,"NORTH TURRAMURRA, PYMBLE, SOUTH TURRAMURRA, TURRAMURRA, WARRAWEE"
2075,"KU-RING-GAI CHASE, PYMBLE, ST IVES, ST IVES CHASE"
2076,"HORNSBY, NORMANHURST, NORTH WAHROONGA, THORNLEIGH, WAHROONGA"
2077,"ASQUITH, HORNSBY, HORNSBY HEIGHTS, MOUNT COLAH, WAHROONGA, WAITARA"
2079,MOUNT COLAH
2080,MOUNT KURING-GAI
2081,"BEROWRA, COWAN"
2082,"BEROWRA HEIGHTS, BEROWRA WATERS"
2083,"BAR POINT, BROOKLYN, CHEERO POINT, COGRA BAY, DANGAR ISLAND, MILSONS PASSAGE, MOONEY MOONEY"
2084,"BELROSE, CHURCH POINT, COTTAGE POINT, CURRAWONG BEACH, DUFFYS FOREST, KU-RING-GAI CHASE, LOVETT BAY, MORNING BAY, MOUNT COLAH, ST IVES, ST IVES CHASE, TERREY HILLS"
2085,"BELROSE, DAVIDSON, FRENCHS FOREST"
2086,"BEACON HILL, DAVIDSON, FORESTVILLE, FRENCHS FOREST"
2087,"EAST LINDFIELD, FORESTVILLE, KILLARNEY HEIGHTS, MIDDLE HARBOUR, ROSEVILLE CHASE"
2088,"MIDDLE HARBOUR, MOSMAN, NORTH HARBOUR"
2089,"KURRABA POINT, NEUTRAL BAY"
2090,"CREMORNE, CREMORNE POINT, KURRABA POINT, NEUTRAL BAY"
2092,"MIDDLE HARBOUR, SEAFORTH"
2093,"BALGOWLAH, BALGOWLAH HEIGHTS, CLONTARF, FAIRLIGHT, MANLY VALE, MIDDLE HARBOUR, NORTH BALGOWLAH, NORTH HARBOUR"
2094,"FAIRLIGHT, MANLY, NORTH HARBOUR"
2095,"FAIRLIGHT, MANLY, NORTH HARBOUR"
2096,"CURL CURL, FRESHWATER, NORTH MANLY, QUEENSCLIFF"
2097,"COLLAROY, COLLAROY PLATEAU, DEE WHY, WHEELER HEIGHTS"
2099,"BEACON HILL, BROOKVALE, COLLAROY, COLLAROY PLATEAU, CROMER, DEE WHY, NARRAWEENA, NORTH CURL CURL, OXFORD FALLS, WHEELER HEIGHTS"
2100,"ALLAMBIE HEIGHTS, BEACON HILL, BROOKVALE, FRENCHS FOREST, FRESHWATER, NORTH MANLY, OXFORD FALLS"
2101,"BAYVIEW, COLLAROY PLATEAU, ELANORA HEIGHTS, INGLESIDE, NARRABEEN, NORTH NARRABEEN, WHEELER HEIGHTS"
2102,"INGLESIDE, MONA VALE, NORTH NARRABEEN, WARRIEWOOD"
2103,"BAYVIEW, MONA VALE, WARRIEWOOD"
2104,"BAYVIEW, CHURCH POINT, MONA VALE"
2105,"BAYVIEW, CHURCH POINT, ELVINA BAY, LOVETT BAY, MCCARRS CREEK, MORNING BAY, PITTWATER, SCOTLAND ISLAND"
2106,"MONA VALE, NEWPORT"
2107,"AVALON BEACH, BILGOLA BEACH, BILGOLA PLATEAU, CLAREVILLE, NEWPORT, WHALE BEACH"
2108,"COASTERS RETREAT, GREAT MACKEREL BEACH, PALM BEACH, WHALE BEACH"
2110,"GLADESVILLE, HUNTERS HILL, WOOLWICH"
2111,"GLADESVILLE, HENLEY, HUNTLEYS COVE, HUNTLEYS POINT, TENNYSON POINT"
2112,"DENISTONE EAST, NORTH RYDE, PUTNEY, RYDE"
2113,"EAST RYDE, MACQUARIE PARK, NORTH RYDE, RYDE"
2114,"DENISTONE, DENISTONE WEST, EASTWOOD, MEADOWBANK, MELROSE PARK, RYDE, WEST RYDE"
2115,"DUNDAS, ERMINGTON, RYDALMERE"
2116,"DUNDAS, RYDALMERE"
2117,"CARLINGFORD, DUNDAS, DUNDAS VALLEY, OATLANDS, RYDALMERE, TELOPEA"
2118,"CARLINGFORD, DUNDAS VALLEY, EASTWOOD, EPPING, TELOPEA"
2119,"BEECROFT, CARLINGFORD, CHELTENHAM, PENNANT HILLS, WEST PENNANT HILLS"
2120,"NORMANHURST, PENNANT HILLS, THORNLEIGH, WEST PENNANT HILLS, WESTLEIGH"
2121,"CARLINGFORD, CHELTENHAM, EASTWOOD, EPPING, NORTH EPPING"
2122,"DENISTONE, EASTWOOD, EPPING, MARSFIELD, RYDE"
2125,"CHERRYBROOK, PENNANT HILLS, WEST PENNANT HILLS"
2126,"CASTLE HILL, CHERRYBROOK"
2127,"NEWINGTON, SYDNEY OLYMPIC PARK, WENTWORTH POINT"
2128,SILVERWATER
2130,"ASHFIELD, SUMMER HILL"
2131,"ASHFIELD, CROYDON PARK, SUMMER HILL"
2132,"ASHFIELD, BURWOOD, CROYDON"
2133,"BURWOOD HEIGHTS, CROYDON, CROYDON PARK"
2134,BURWOOD
2135,"BURWOOD, HOMEBUSH, STRATHFIELD"
2136,"BURWOOD HEIGHTS, ENFIELD, STRATHFIELD SOUTH"
2137,"BREAKFAST POINT, CABARITA, CONCORD, CONCORD WEST, HOMEBUSH, MORTLAKE, NORTH STRATHFIELD"
2138,"CONCORD WEST, LIBERTY GROVE, RHODES"
2140,"HOMEBUSH, HOMEBUSH WEST, STRATHFIELD"
2141,"AUBURN, BERALA, LIDCOMBE, REGENTS PARK, ROOKWOOD, SYDNEY OLYMPIC PARK"
2142,"CAMELLIA, CLYDE, GRANVILLE, GUILDFORD, HOLROYD, MERRYLANDS, ROSEHILL, SOUTH GRANVILLE"
2143,"BERALA, BIRRONG, POTTS HILL, REGENTS PARK, YAGOONA"
2144,"AUBURN, BERALA, LIDCOMBE"
2145,"CONSTITUTION HILL, GIRRAWEEN, GREYSTANES, MAYS HILL, OLD TOONGABBIE, PEMULWUY, PENDLE HILL, PROSPECT, SOUTH WENTWORTHVILLE, TOONGABBIE, WENTWORTHVILLE, WESTMEAD"
2146,"CONSTITUTION HILL, GIRRAWEEN, OLD TOONGABBIE, PENDLE HILL, SEVEN HILLS, TOONGABBIE, WENTWORTHVILLE"
2147,"KINGS LANGLEY, LALOR PARK, SEVEN HILLS"
2148,"ARNDELL PARK, BLACKTOWN, DOONSIDE, HUNTINGWOOD, KINGS PARK, MARAYONG, PROSPECT, TOONGABBIE"
2150,"HARRIS PARK, NORTH PARRAMATTA, PARRAMATTA, ROSEHILL"
2151,"NORTH PARRAMATTA, NORTH ROCKS, PARRAMATTA"
2152,NORTHMEAD
2153,"BAULKHAM HILLS, BELLA VISTA, CASTLE HILL, KELLYVILLE, NORTHMEAD, NORWEST, WINSTON HILLS"
2154,"BAULKHAM HILLS, CASTLE HILL, GLENHAVEN"
2155,"BEAUMONT HILLS, BELLA VISTA, BOX HILL, KELLYVILLE, KELLYVILLE RIDGE, NELSON, NORTH KELLYVILLE, ROUSE HILL, THE PONDS"
2156,"ANNANGROVE, CASTLE HILL, GLENHAVEN, KENTHURST"
2157,"ARCADIA, CANOELANDS, CATTAI, FOREST GLEN, GLENORIE"
2158,"DURAL, GALSTON, MIDDLE DURAL"
2159,"ARCADIA, BEROWRA WATERS, BERRILEE, FIDDLETOWN, GALSTON"
2160,"GRANVILLE, GUILDFORD, MERRYLANDS, MERRYLANDS WEST, SOUTH GRANVILLE"
2161,"GUILDFORD, GUILDFORD WEST, MERRYLANDS, OLD GUILDFORD, SOUTH GRANVILLE, YENNORA"
2162,"BASS HILL, CHESTER HILL, SEFTON, YAGOONA"
2163,"CARRAMAR, LANSDOWNE, VILLAWOOD"
2164,"SMITHFIELD, WETHERILL PARK, WOODPARK"
2165,"FAIRFIELD, FAIRFIELD EAST, FAIRFIELD HEIGHTS, FAIRFIELD WEST"
2166,"CABRAMATTA, CABRAMATTA WEST, CANLEY HEIGHTS, CANLEY VALE, FAIRFIELD, LANSVALE"
2167,GLENFIELD
2168,"ASHCROFT, BUSBY, CARTWRIGHT, GREEN VALLEY, HECKENBERG, HINCHINBROOK, LEN WATERS ESTATE, MILLER, SADLEIR"
2170,"CASULA, CHIPPING NORTON, HAMMONDVILLE, LIVERPOOL, LURNEA, MOOREBANK, MOUNT PRITCHARD, PRESTONS, WARWICK FARM"
2171,"CARNES HILL, CECIL HILLS, ELIZABETH HILLS, GREEN VALLEY, HORNINGSEA PARK, HOXTON PARK, LEN WATERS ESTATE, MIDDLETON GRANGE, WEST HOXTON"
2172,"PLEASURE POINT, SANDY POINT, VOYAGER POINT"
2173,"HOLSWORTHY, LUCAS HEIGHTS, WATTLE GROVE"
2174,EDMONDSON PARK
2175,"CECIL PARK, HORSLEY PARK"
2176,"ABBOTSBURY, BOSSLEY PARK, EDENSOR PARK, GREENFIELD PARK, PRAIRIEWOOD, ST JOHNS PARK, WAKELEY"
2177,"BONNYRIGG, BONNYRIGG HEIGHTS, CABRAMATTA WEST, MOUNT PRITCHARD"
2178,"AUSTRAL, CECIL PARK, KEMPS CREEK, MOUNT VERNON"
2179,"AUSTRAL, LEPPINGTON"
2190,"BANKSTOWN, CHULLORA, GREENACRE, MOUNT LEWIS, PUNCHBOWL, STRATHFIELD, STRATHFIELD SOUTH"
2191,BELFIELD
2192,BELMORE
2193,"ASHBURY, CANTERBURY, HURLSTONE PARK"
2194,CAMPSIE
2195,"BELMORE, LAKEMBA, WILEY PARK"
2196,"BANKSTOWN, PUNCHBOWL, RIVERWOOD, ROSELANDS"
2197,"BASS HILL, CHESTER HILL, GEORGES HALL, YAGOONA"
2198,"BASS HILL, GEORGES HALL"
2199,"BANKSTOWN, GEORGES HALL, SEFTON, YAGOONA"
2200,"BANKSTOWN, BANKSTOWN AERODROME, CONDELL PARK, MOUNT LEWIS, PADSTOW, REVESBY, YAGOONA"
2203,"DULWICH HILL, LEWISHAM, MARRICKVILLE"
2204,"DULWICH HILL, ENMORE, MARRICKVILLE, NEWTOWN, PETERSHAM"
2205,"ARNCLIFFE, BARDWELL VALLEY, TURRELLA, WOLLI CREEK"
2206,"CLEMTON PARK, EARLWOOD, KINGSGROVE, MARRICKVILLE"
2207,"ARNCLIFFE, BARDWELL PARK, BARDWELL VALLEY, BEXLEY, BEXLEY NORTH, CARLTON, KINGSGROVE, KOGARAH, ROCKDALE"
2208,"BEXLEY NORTH, KINGSGROVE"
2209,"BEVERLY HILLS, NARWEE, PEAKHURST, RIVERWOOD"
2210,"BEVERLY HILLS, LUGARNO, MORTDALE, NARWEE, PEAKHURST, PEAKHURST HEIGHTS, PUNCHBOWL, RIVERWOOD"
2211,"PADSTOW, PADSTOW HEIGHTS, REVESBY, REVESBY HEIGHTS"
2212,"PADSTOW, PICNIC POINT, REVESBY, REVESBY HEIGHTS"
2213,"EAST HILLS, PANANIA, PICNIC POINT, REVESBY, REVESBY HEIGHTS"
2214,MILPERRA
2216,"ARNCLIFFE, BANKSIA, BEXLEY, BOTANY BAY, BRIGHTON-LE-SANDS, KOGARAH, KYEEMAGH, ROCKDALE"
2217,"BEVERLEY PARK, BEXLEY, BOTANY BAY, CARLTON, KOGARAH, KOGARAH BAY, MONTEREY, RAMSGATE, RAMSGATE BEACH, ROCKDALE, SANS SOUCI"
2218,"ALLAWAH, BEXLEY, CARLTON, HURSTVILLE, KOGARAH"
2219,"BOTANY BAY, DOLLS POINT, RAMSGATE, SANDRINGHAM, SANS SOUCI"
2220,"ALLAWAH, BEVERLY HILLS, HURSTVILLE, HURSTVILLE GROVE, KINGSGROVE, PENSHURST, SOUTH HURSTVILLE"
2221,"BLAKEHURST, CARSS PARK, CONNELLS POINT, KYLE BAY, SOUTH HURSTVILLE"
2222,"BEVERLY HILLS, HURSTVILLE GROVE, MORTDALE, PENSHURST"
2223,"MORTDALE, OATLEY, PENSHURST"
2224,"GYMEA, KANGAROO POINT, SYLVANIA, SYLVANIA WATERS"
2225,"COMO, JANNALI, OYSTER BAY"
2226,"BONNET BAY, COMO, JANNALI, OYSTER BAY, SUTHERLAND"
2227,"GRAYS POINT, GYMEA, GYMEA BAY, KIRRAWEE, MIRANDA"
2228,"CARINGBAH, MIRANDA, SYLVANIA, YOWIE BAY"
2229,"BURRANEER, CARINGBAH, CARINGBAH SOUTH, DOLANS BAY, LILLI PILLI, MIRANDA, PORT HACKING, SYLVANIA WATERS, TAREN POINT, WOOLOOWARE"
2230,"BUNDEENA, BURRANEER, CARINGBAH SOUTH, CRONULLA, GREENHILLS BEACH, KURNELL, MAIANBAR, WOOLOOWARE"
2231,"BOTANY BAY, KURNELL"
2232,"GRAYS POINT, GYMEA, KAREELA, KIRRAWEE, LOFTUS, ROYAL NATIONAL PARK, SUTHERLAND, WORONORA"
2233,"ENGADINE, HEATHCOTE, WATERFALL, WORONORA HEIGHTS, YARRAWARRAH"
2234,"ALFORDS POINT, BANGOR, BARDEN RIDGE, ILLAWONG, LUCAS HEIGHTS, MENAI"
2250,"BUCKETTY, CALGA, CENTRAL MANGROVE, EAST GOSFORD, ERINA, ERINA HEIGHTS, GLENWORTH VALLEY, GOSFORD, GREEN POINT, GREENGROVE, HOLGATE, KARIONG, KULNURA, LISAROW, LOWER MANGROVE, MANGROVE CREEK, MANGROVE MOUNTAIN, MATCHAM, MOONEY MOONEY CREEK, MOUNT ELLIOT, MOUNT WHITE, NARARA, NIAGARA PARK, NORTH GOSFORD, PEATS RIDGE, POINT CLARE, POINT FREDERICK, SOMERSBY, SPRINGFIELD, TASCOTT, TEN MILE HOLLOW, UPPER MANGROVE, WENDOREE PARK, WEST GOSFORD, WYOMING"
2251,"AVOCA BEACH, BENSVILLE, BOUDDI, COPACABANA, DAVISTOWN, GREEN POINT, KINCUMBER, KINCUMBER SOUTH, MACMASTERS BEACH, NORTH AVOCA, PICKETTS VALLEY, SARATOGA, TERRIGAL, YATTALUNGA"
2256,"BLACKWALL, BOX HEAD, HORSFIELD BAY, KOOLEWONG, LITTLE WOBBY, PATONGA, PEARL BEACH, PHEGANS BAY, WONDABYNE, WOY WOY, WOY WOY BAY"
2257,"BLACKWALL, BOOKER BAY, BOUDDI, BOX HEAD, DALEYS POINT, EMPIRE BAY, ETTALONG BEACH, HARDYS BAY, KILLCARE, KILLCARE HEIGHTS, PRETTY BEACH, ST HUBERTS ISLAND, UMINA BEACH, WAGSTAFFE"
2258,"FOUNTAINDALE, KANGY ANGY, LISAROW, OURIMBAH, PALM GROVE, PALMDALE"
2259,"ALISON, BUSHELLS RIDGE, CATHERINE HILL BAY, CEDAR BRUSH CREEK, CHAIN VALLEY BAY, CRANGAN BAY, DOORALONG, DURREN DURREN, FRAZER PARK, FREEMANS, GWANDALAN, HALLORAN, HAMLYN TERRACE, JILLIBY, KANGY ANGY, KANWAL, KIAR, KINGFISHER SHORES, LAKE MACQUARIE, LAKE MUNMORAH, LEMON TREE, LITTLE JILLIBY, MANNERING PARK, MARDI, MOONEE, OLNEY, POINT WOLSTONCROFT, RAVENSDALE, ROCKY POINT, SUMMERLAND POINT, TACOMA, TACOMA SOUTH, TUGGERAH, TUGGERAWONG, WADALBA, WALLARAH, WARNERVALE, WATANOBBI, WOONGARRAH, WYBUNG, WYEE, WYEE POINT, WYONG, WYONG CREEK, WYONGAH, YARRAMALONG"
2260,"ERINA HEIGHTS, FORRESTERS BEACH, MATCHAM, NORTH AVOCA, TERRIGAL, WAMBERAL"
2261,"BATEAU BAY, BERKELEY VALE, BLUE BAY, CHITTAWAY BAY, CHITTAWAY POINT, GLENNING VALLEY, KILLARNEY VALE, LONG JETTY, MAGENTA, SHELLY BEACH, THE ENTRANCE, THE ENTRANCE NORTH, TOOWOON BAY, TUGGERAH, TUMBI UMBI"
2262,"BLUE HAVEN, BUDGEWOI, BUDGEWOI PENINSULA, BUFF POINT, COLONGRA, DOYALSON, DOYALSON NORTH, HALEKULANI, LAKE MUNMORAH, SAN REMO"
2263,"CANTON BEACH, CHARMHAVEN, GOROKAN, KANWAL, LAKE HAVEN, NORAH HEAD, NORAVILLE, TOUKLEY"
2264,"BALCOLYN, BONNELLS BAY, BRIGHTWATERS, DORA CREEK, ERARING, MANDALONG, MIRRABOOKA, MORISSET, MORISSET PARK, MYUNA BAY, SILVERWATER, SUNSHINE, WINDERMERE PARK, YARRAWONGA PARK"
2265,"COORANBONG, DORA CREEK, MARTINSVILLE, OLNEY"
2267,WANGI WANGI
2278,"BARNSLEY, FASSIFERN, KILLINGWORTH, WAKEFIELD"
2280,"BELMONT, BELMONT NORTH, BELMONT SOUTH, CROUDACE BAY, FLORAVILLE, JEWELLS, LAKE MACQUARIE, MARKS POINT, PELICAN, VALENTINE"
2281,"BLACKSMITHS, CAMS WHARF, CATHERINE HILL BAY, CAVES BEACH, LITTLE PELICAN, MURRAYS BEACH, NORDS WHARF, PELICAN, PINNY BEACH, SWANSEA, SWANSEA HEADS"
2282,"ELEEBANA, LAKELANDS, MOUNT HUTTON, WARNERS BAY"
2283,"ARCADIA VALE, AWABA, BALMORAL, BLACKALLS PARK, BOLTON POINT, BUTTABA, CAREY BAY, COAL POINT, FASSIFERN, FENNELL BAY, FISHING POINT, KILABEN BAY, LAKE MACQUARIE, RATHMINES, RYHOPE, TORONTO, WANGI WANGI"
2284,"ARGENTON, BOOLAROO, BOORAGUL, MARMONG POINT, SPEERS POINT, TERALBA, WARNERS BAY, WOODRISING"
2285,"CAMERON PARK, CARDIFF, CARDIFF HEIGHTS, CARDIFF SOUTH, EDGEWORTH, ELERMORE VALE, GARDEN SUBURB, GLENDALE, MACQUARIE HILLS, NEW LAMBTON HEIGHTS, RANKIN PARK"
2286,"HOLMESVILLE, SEAHAMPTON, WEST WALLSEND"
2287,"BIRMINGHAM GARDENS, ELERMORE VALE, FLETCHER, GLENDALE, JESMOND, MARYLAND, MINMI, NEW LAMBTON HEIGHTS, RANKIN PARK, SHORTLAND, WALLSEND"
2289,"ADAMSTOWN, ADAMSTOWN HEIGHTS, BROADMEADOW, CHARLESTOWN, GARDEN SUBURB, HAMILTON SOUTH, HIGHFIELDS, KAHIBAH, KOTARA, KOTARA SOUTH, MEREWETHER, NEW LAMBTON, NEW LAMBTON HEIGHTS"
2290,"BELMONT NORTH, BENNETTS GREEN, CHARLESTOWN, DUDLEY, GATESHEAD, HIGHFIELDS, HILLSBOROUGH, KAHIBAH, MOUNT HUTTON, REDHEAD, TINGIRA HEIGHTS, WARNERS BAY, WHITEBRIDGE, WINDALE"
2291,"ADAMSTOWN, ADAMSTOWN HEIGHTS, BAR BEACH, COOKS HILL, HAMILTON SOUTH, MEREWETHER, MEREWETHER HEIGHTS, THE JUNCTION"
2292,"ADAMSTOWN, BROADMEADOW, GEORGETOWN, HAMILTON NORTH, HAMILTON SOUTH, WARATAH"
2293,"ISLINGTON, MARYVILLE, WICKHAM"
2294,CARRINGTON
2295,"FERN BAY, KOORAGANG, STOCKTON"
2296,"ISLINGTON, MARYVILLE, WICKHAM"
2297,TIGHES HILL
2298,"CALLAGHAN, GEORGETOWN, LAMBTON, MAYFIELD WEST, NORTH LAMBTON, WARATAH, WARATAH WEST"
2299,"JESMOND, LAMBTON, NEW LAMBTON, NORTH LAMBTON, WALLSEND"
2300,"BAR BEACH, COOKS HILL, NEWCASTLE, NEWCASTLE EAST, NEWCASTLE WEST, THE HILL, THE JUNCTION"
2302,NEWCASTLE WEST
2303,"BROADMEADOW, HAMILTON, HAMILTON EAST, HAMILTON SOUTH, NEWCASTLE WEST, THE JUNCTION"
2304,"KOORAGANG, MAYFIELD, MAYFIELD EAST, MAYFIELD NORTH, MAYFIELD WEST, SANDGATE, WARABROOK"
2305,"BROADMEADOW, CARDIFF HEIGHTS, KOTARA, NEW LAMBTON, NEW LAMBTON HEIGHTS, RANKIN PARK"
2306,"JEWELLS, MOUNT HUTTON, TINGIRA HEIGHTS, WINDALE"
2307,"BIRMINGHAM GARDENS, SHORTLAND"
2308,CALLAGHAN
2311,"ALLYNBROOK, BINGLEBURRA, CARRABOLLA, EAST GRESFORD, ECCLESTON, GRESFORD, HALTON, LEWINSBROOK, LOSTOCK, MOUNT RIVERS, UPPER ALLYN"
2312,"COOLONGOLOOK, MINIMBAH, NABIAC"
2315,"CORLETTE, FINGAL BAY, NELSON BAY, PORT STEPHENS, SHOAL BAY"
2316,"ANNA BAY, BOAT HARBOUR, BOBS FARM, FISHERMANS BAY, ONE MILE, TAYLORS BEACH, TILLIGERRY CREEK"
2317,"PORT STEPHENS, SALAMANDER BAY, SOLDIERS POINT"
2318,"CAMPVALE, FERN BAY, FERODALE, FULLERTON COVE, MEDOWIE, OYSTER COVE, SALT ASH, WILLIAMTOWN"
2319,"BOBS FARM, LEMON TREE PASSAGE, MALLABULA, PORT STEPHENS, SALT ASH, TANILBA BAY, TILLIGERRY CREEK"
2320,"ABERGLASSLYN, ALLANDALE, ANAMBAH, BOLWARRA, BOLWARRA HEIGHTS, FARLEY, GLEN OAK, GOSFORTH, HILLSBOROUGH, HORSESHOE BEND, KEINBAH, LARGS, LORN, LOUTH PARK, LOVEDALE, MAITLAND, MAITLAND VALE, MELVILLE, MINDARIBBA, MOUNT DEE, OAKHAMPTON, OAKHAMPTON HEIGHTS, POKOLBIN, ROSEBROOK, ROTHBURY, RUTHERFORD, SEAHAM, SOUTH MAITLAND, TELARAH, WALLALONG, WINDELLA"
2321,"BERRY PARK, BUTTERWICK, CLARENCE TOWN, CLIFTLEIGH, DUCKENFIELD, DUNS CREEK, GILLIESTON HEIGHTS, GLEN MARTIN, GLEN WILLIAM, HARPERS HILL, HEDDON GRETA, HINTON, LOCHINVAR, LUSKINTYRE, MORPETH, OSWALD, PHOENIX PARK, RAWORTH, TENAMBIT, WALLALONG, WINDERMERE, WOODVILLE"
2322,"BERESFIELD, BLACK HILL, CHISHOLM, EAST MAITLAND, HEXHAM, LENAGHAN, STOCKRINGTON, TARRO, THORNTON, TOMAGO, WOODBERRY"
2323,"ASHTONFIELD, BRUNKERVILLE, BUCHANAN, BUTTAI, EAST MAITLAND, FREEMANS WATERHOLE, METFORD, MOUNT VINCENT, MULBRING, PITNACREE, RAWORTH, RICHMOND VALE, TENAMBIT"
2324,"BALICKERA, BRANDY HILL, BUNDABAH, CARRINGTON, EAGLETON, EAST SEAHAM, FERODALE, HAWKS NEST, HEATHERBRAE, KARUAH, KINGS HILL, LIMEBURNERS CREEK, MILLERS FOREST, NELSONS PLAINS, NORTH ARM COVE, OSTERLEY, PINDIMAR, PORT STEPHENS, RAYMOND TERRACE, SEAHAM, SWAN BAY, TAHLEE, TEA GARDENS, TWELVE MILE CREEK"
2325,"ABERDARE, ABERNETHY, BELLBIRD, BELLBIRD HEIGHTS, BRUNKERVILLE, BUCKETTY, CEDAR CREEK, CESSNOCK, CONGEWAI, CORRABARE, DAIRY ARM, ELLALONG, ELRINGTON, FERNANCES CROSSING, GRETA MAIN, KEARSLEY, KITCHENER, LAGUNA, LOVEDALE, MARTINSVILLE, MILLFIELD, MOUNT VIEW, MURRAYS RUN, NULKABA, OLNEY, PAXTON, PAYNES CROSSING, PELTON, POKOLBIN, QUORROBOLONG, RAVENSDALE, ROTHBURY, SWEETMANS CREEK, WATAGAN, WOLLOMBI, YENGO NATIONAL PARK"
2326,"ABERMAIN, BISHOPS BRIDGE, LOXFORD, NEATH, SAWYERS GULLY, WESTON"
2327,"KURRI KURRI, PELAW MAIN, STANFORD MERTHYR"
2328,"BUREEN, DALSWINTON, DENMAN, GIANTS CREEK, HOLLYDEEN, KERRABEE, MARTINDALE, SANDY HOLLOW, WIDDEN, YARRAWA"
2329,"CASSILIS, MERRIWA, UARBRY"
2330,"APPLETREE FLAT, BIG RIDGE, BOWMANS CREEK, BRIDGMAN, BROKE, BULGA, CAMBERWELL, CARROWBROOK, CLYDESDALE, COMBO, DARLINGTON, DOYLES CREEK, DUNOLLY, DURAL, DYRRING, FALBROOK, FERN GULLY, FORDWICH, GARLAND VALLEY, GLENDON, GLENDON BROOK, GLENNIES CREEK, GLENRIDDING, GOORANGOOLA, GOULDSVILLE, GOWRIE, GREENLANDS, HAMBLEDON HILL, HEBDEN, HOWES VALLEY, HOWICK, HUNTERVIEW, JERRYS PLAINS, LEMINGTON, LONG POINT, MAISON DIEU, MCDOUGALLS HILL, MIDDLE FALBROOK, MILBRODALE, MIRANNIE, MITCHELLS FLAT, MOUNT OLIVE, MOUNT ROYAL, MOUNT THORLEY, MUSWELLBROOK, OBANVALE, PUTTY, RAVENSWORTH, REDBOURNBERRY, REEDY CREEK, RIXS CREEK, ROUGHIT, SCOTTS FLAT, SEDGEFIELD, SINGLETON, SINGLETON HEIGHTS, ST CLAIR, STANHOPE, WARKWORTH, WATTLE PONDS, WESTBROOK, WHITTINGHAM, WIRRABA, WOLLEMI, WYLIES FLAT"
2331,"BROKE, SINGLETON MILITARY AREA"
2333,"BAERAMI, BAERAMI CREEK, BENGALLA, CASTLE ROCK, EDDERTON, GUNGAL, KAYUGA, LIDDELL, MANGOOLA, MANOBALAI, MCCULLYS GAP, MUSCLE CREEK, MUSWELLBROOK, SANDY HOLLOW, WYBONG"
2334,GRETA
2335,"BELFORD, BRANXTON, DALWOOD, EAST BRANXTON, ELDERSLIE, LAMBS VALLEY, LECONFIELD, LOWER BELFORD, NORTH ROTHBURY, STANHOPE"
2336,"ABERDEEN, DARTBROOK, DAVIS CREEK, ROSSGOLE, ROUCHEL, ROUCHEL BROOK, UPPER DARTBROOK, UPPER ROUCHEL"
2337,"BELLTREES, BRAWBOY, BUNNAN, DRY CREEK, ELLERSTON, GLENBAWN, GLENROCK, GUNDY, KARS SPRINGS, MIDDLE BROOK, MOOBI, MOONAN BROOK, MOONAN FLAT, MURULLA, OMADALE, OWENS GAP, PAGES CREEK, PARKVILLE, SCONE, SEGENHOE, STEWARTS BROOK, TOMALLA, WAVERLY, WINGEN, WOOLOOMA"
2338,"ARDGLEN, BLANDFORD, CRAWNEY, GREEN CREEK, MURRURUNDI, PAGES RIVER, SANDY CREEK, SCOTTS CREEK, TIMOR"
2339,"BIG JACKS CREEK, BRAEFIELD, CATTLE CREEK, CHILCOTTS CREEK, LITTLE JACKS CREEK, MACDONALDS CREEK, PARRAWEENA, WARRAH, WARRAH CREEK, WILLOW TREE"
2340,"APPLEBY, BARRY, BECTIVE, BITHRAMERE, BOWLING ALLEY POINT, CALALA, CARROLL, DARUKA, DUNCANS CREEK, DUNGOWAN, EAST TAMWORTH, GAROO, GIDLEY, GOONOO GOONOO, GOWRIE, HALLSVILLE, HANGING ROCK, HILLVUE, KEEPIT, KINGSWOOD, LOOMBERAH, MOORE CREEK, NEMINGHA, NORTH TAMWORTH, NUNDLE, OGUNBIL, OXLEY VALE, PIALLAMORE, SOMERTON, SOUTH TAMWORTH, TAMINDA, TAMWORTH, TIMBUMBURI, WALLAMORE, WARRAL, WEABONGA, WEST TAMWORTH, WESTDALE, WOOLOMIN"
2341,WERRIS CREEK
2342,"BREEZA, CURRABUBULA, PIALLAWAY"
2343,"BLACKVILLE, BORAMBIL, BUNDELLA, CAROONA, COLLY BLUE, COOMOO COOMOO, PINE RIDGE, QUIPOLLY, QUIRINDI, SPRING RIDGE, WALLABADAH, WARRAH RIDGE, WINDY, YANNERGEE, YARRAMAN"
2344,"CURRABUBULA, DURI, WINTON"
2345,"ATTUNGA, GARTHOWEN"
2346,"BORAH CREEK, HALLS CREEK, KLORI, MANILLA, NAMOI RIVER, NEW MEXICO, RUSHES CREEK, UPPER MANILLA, WARRABAH, WIMBORNE, WONGO CREEK"
2347,"BANOON, BARRABA, COBBADAH, DINOGA, GULF CREEK, GUNDAMULDA, IRONBARK, LINDESAY, LONGARM, MAYVALE, RED HILL, THIRLDENE, UPPER HORTON, WOODSREEF"
2350,"ABERFOYLE, ABINGTON, ARMIDALE, BOOROLONG, CASTLE DOYLE, DANGARSLEIGH, DONALD CREEK, DUMARESQ, DUVAL, ENMORE, HILLGROVE, INVERGOWRIE, JEOGLA, KELLYS PLAINS, LYNDHURST, METZ, PUDDLEDOCK, SAUMAREZ, SAUMAREZ PONDS, THALGARRAH, TILBUSTER, WARDS MISTAKE, WOLLOMOMBI, WONGWIBINDA"
2352,"KOOTINGAL, LIMBRI, MULLA CREEK, TINTINHULL"
2353,MOONBI
2354,"DOYLES RIVER, GIRO, KENTUCKY, KENTUCKY SOUTH, NIANGALA, NOWENDOC, WALCHA, WALCHA ROAD, WERRIKIMBE, WOLLUN, WOOLBROOK, YARROWITCH"
2355,"BENDEMEER, RETREAT, WATSONS CREEK"
2356,GWABEGAR
2357,"BINNAWAY, BUGALDIE, COONABARABRAN, DANDRY, GOWANG, PURLEWAUGH, ROCKY GLEN, ULAMAMBRI"
2358,"ARDING, BALALA, GOSTWYCK, KINGSTOWN, MIHI, ROCKY RIVER, SALISBURY PLAINS, TORRYBURN, URALLA, YARROWYCK"
2359,"BAKERS CREEK, BUNDARRA, CAMERONS CREEK"
2360,"AUBURN VALE, BRODIES PLAINS, BUKKULLA, CHERRY TREE HILL, COPETON, ELSMORE, GILGAI, GRAMAN, GUM FLAT, HOWELL, INVERELL, KINGS PLAINS, LITTLE PLAIN, LONG PLAIN, MAYBOLE, MOUNT RUSSELL, NEWSTEAD, NULLAMANNA, OAKWOOD, PARADISE, ROB ROY, SAPPHIRE, SPRING MOUNTAIN, STANBOROUGH, SWANBROOK, WALLANGRA, WANDERA, WOODSTOCK"
2361,"ASHFORD, ATHOLWOOD, BONSHAW, LIMESTONE, PINDAROI"
2365,"BACKWATER, BALD BLAIR, BALDERSLEIGH, BASSENDEAN, BEN LOMOND, BLACK MOUNTAIN, BRIARBROOK, BROCKLEY, BRUSHY CREEK, FALCONER, GEORGES CREEK, GLEN NEVIS, GLENCOE, GREEN HILLS, GUYRA, LLANGOTHLIN, MAYBOLE, MOUNT MITCHELL, NEW VALLEY, OBAN, SOUTH GUYRA, TENTERDEN, THE BASIN, THE GULF, TUBBAMURRA, WANDSWORTH"
2369,"OLD MILL, STANNIFER, TINGHA"
2370,"BALD NOB, DIEHARD, DUNDEE, FURRACABAD, GIBRALTAR RANGE, GLEN ELGIN, GLEN INNES, KINGSGATE, KINGSLAND, KOOKABOOKRA, LAMBS VALLEY, MATHESON, MOGGS SWAMP, MOOGEM, MORVEN, NEWTON BOYD, PINKETT, RANGERS VALLEY, RED RANGE, REDDESTONE, SHANNON VALE, STONEHENGE, SWAN VALE, WELLINGROVE, YARROWFORD"
2371,"CAPOOMPETA, DEEPWATER, EMMAVILLE, ROCKY CREEK, STANNUM, TORRINGTON, WELLINGTON VALE, YELLOW DAM"
2372,"AMOSFIELD, BACK CREEK, BOLIVIA, BOOKOOKOORARA, BOONOO BOONOO, BOOROOK, CARROLLS CREEK, CULLENDORE, DUMARESQ VALLEY, FOREST LAND, LISTON, MOLE RIVER, RIVERTREE, ROCKY RIVER, SANDY FLAT, SANDY HILL, SILENT GROVE, TABULAM, TARBAN, TENTERFIELD, TIMBARRA, WILLSONS DOWNFALL, WOODSIDE, WYLIE CREEK"
2379,"GOOLHI, MULLALEY, NOMBI"
2380,"BLUE VALE, EMERALD HILL, GHOOLENDAADI, GUNNEDAH, KEEPIT, KELVIN, MARYS MOUNT, MILROY, ORANGE GROVE, RANGARI"
2381,"BREEZA, CURLEWIS, PREMER, PURLEWAUGH, TAMBAR SPRINGS, WERRIS CREEK"
2382,"BANOON, BOGGABRI, GOOLHI, MAULES CREEK, WEAN, WILLALA"
2386,"BURREN JUNCTION, DRILDOOL, NOWLEY"
2387,"BULYEROI, JEWS LAGOON, ROWENA"
2388,"BOOLCARROLL, BULYEROI, CUTTABRI, MERAH NORTH, PILLIGA, SPRING PLAINS, THE PILLIGA, WEE WAA, YARRIE LAKE"
2390,"BAAN BAA, BACK CREEK, BERRIGAL, BOHENA CREEK, BULLAWA CREEK, COURADDA, EDGEROI, EULAH CREEK, HARPARARY, JACKS CREEK, KAPUTAR, NARRABRI, ROCKY CREEK, TARRIARO, TURRAWAN"
2395,"BINNAWAY, PURLEWAUGH, ULAMAMBRI, WEETALIBA"
2396,"BARADINE, GOORIANAWA, KENEBRI"
2397,"BELLATA, JEWS LAGOON, MILLIE"
2398,GURLEY
2399,"BINIGUY, PALLAMALLAWA"
2400,"ASHLEY, BULLARAH, CROOBLE, ELCOMBE, MALLOWA, MOREE, TERRY HIE HIE, TULLOONA"
2401,"BINIGUY, GRAVESEND"
2402,"COOLATAI, WARIALDA, WARIALDA RAIL"
2403,"BALFOURS PEAK, DELUNGRA, GRAGIN, MYALL CREEK, WARIALDA, WARIALDA RAIL"
2404,"BANGHEET, BINGARA, COPETON, DINOGA, ELCOMBE, GINEROI, KEERA, MYALL CREEK, PALLAL, UPPER BINGARA, WARIALDA RAIL, WHITLOW"
2405,"BOOMI, GARAH"
2406,"MUNGINDI, WEEMELAH"
2408,"BLUE NOBBY, BOGGABILLA, COOLATAI, NORTH STAR, WARIALDA, YALLAROI"
2409,"BOGGABILLA, BOONAL"
2410,"COOLATAI, TWIN RIVERS, YETMAN"
2411,"CROPPA CREEK, NORTH STAR"
2415,"MONKERAI, NOOROO, STROUD ROAD, UPPER KARUAH RIVER, WEISMANTELS"
2420,"ALISON, BANDON GROVE, BENDOLBA, BROOKFIELD, CAMBRA, CHICHESTER, DUNGOG, FLAT TOPS, FOSTERTON, HANLEYS CREEK, HILLDALE, MAIN CREEK, MARSHDALE, MARTINS CREEK, MONKERAI, MUNNI, SALISBURY, STROUD HILL, SUGARLOAF, TABBIL CREEK, UNDERBANK, WALLARINGA, WALLAROBBA, WIRRAGULLA"
2421,"FISHERS HILL, MARTINS CREEK, PATERSON, SUMMER HILL, TOCAL, TORRYBURN, VACY, WEBBERS CREEK"
2422,"BACK CREEK, BAKERS CREEK, BARRINGTON, BARRINGTON TOPS, BAXTERS RIDGE, BELBORA, BERRICO, BINDERA, BOWMAN, BOWMAN FARM, BRETTI, BULLIAC, BUNDOOK, CALLAGHANS CREEK, COBARK, CONEAC, COPELAND, CRAVEN, CRAVEN PLATEAU, CURRICABARK, DEWITT, FAULKLAND, FORBESDALE, GANGAT, GIRO, GLEN WARD, GLOUCESTER, GLOUCESTER TOPS, INVERGORDON, KIA ORA, MARES RUN, MERNOT, MOGRANI, MOPPY, RAWDON VALE, ROOKHURST, STRATFORD, TERREEL, TIBBUC, TITAATEE CREEK, TUGRABAKH, WALLANBAH, WARDS RIVER, WAUKIVORY, WEISMANTELS, WOKO"
2423,"BOMBAH POINT, BOOLAMBAYTE, BULAHDELAH, BUNGWAHL, COOLONGOLOOK, CRAWFORD RIVER, MARKWELL, MAYERS FLAT, MUNGO BRUSH, MYALL LAKE, NERONG, SEAL ROCKS, SHALLOW BAY, TOPI TOPI, UPPER MYALL, VIOLET HILL, WALLINGAT, WANG WAUK, WARRANULLA, WILLINA, WOOTTON, YAGON"
2424,"CAFFREYS FLAT, CELLS RIVER, COOPLACURRIPA, CUNDLE FLAT, KNORRIT FLAT, KNORRIT FOREST, MOUNT GEORGE, NUMBER ONE, TIRI"
2425,"ALLWORTH, BOORAL, GIRVAN, STROUD, THE BRANCH, WASHPOOL"
2426,"COOPERNOOK, LANGLEY VALE, MOTO"
2427,"CROWDY HEAD, HARRINGTON"
2428,"BLUEYS BEACH, BOOMERANG BEACH, BOOTI BOOTI, CHARLOTTE BAY, COOMBA BAY, COOMBA PARK, DARAWANK, ELIZABETH BEACH, FORSTER, GREEN POINT, SANDBAR, SHALLOW BAY, SMITHS LAKE, TARBUCK BAY, TIONA, TUNCURRY, WALLINGAT, WALLIS LAKE, WHOOTA"
2429,"BOBIN, BOORGANNA, BRIMBIN, BUCCA WAUKA, BULGA FOREST, BUNYAH, BURRELL CREEK, CAPARRA, CEDAR PARTY, COMBOYNE, DINGO FOREST, DOLLYS FLAT, DYERS CROSSING, ELANDS, FIREFLY, INNES VIEW, KARAAK FLAT, KHATAMBUHL, KILLABAKH, KILLAWARRA, KIMBRIKI, KIPPAXS, KRAMBACH, KUNDIBAKH, MARLEE, MOORAL CREEK, STRATHCEDAR, TAREE, THE BIGHT, TIPPERARY, WHERROL FLAT, WINGHAM, YARRATT FOREST"
2430,"BLACK HEAD, BOHNOCK, BOOTAWA, BRIMBIN, CABBAGE TREE ISLAND, CROKI, CUNDLETOWN, DIAMOND BEACH, DUMARESQ ISLAND, FAILFORD, GHINNI GHINNI, GLENTHORNE, HALLIDAYS POINT, HILLVILLE, JONES ISLAND, KIWARRAK, KOORAINGHAT, KUNDLE KUNDLE, LANSDOWNE, LANSDOWNE FOREST, MANNING POINT, MELINGA, MITCHELLS ISLAND, MONDROOK, OLD BAR, OXLEY ISLAND, PAMPOOLAH, POSSUM BRUSH, PURFLEET, RAINBOW FLAT, RED HEAD, SALTWATER, TALLWOODS VILLAGE, TAREE, TAREE SOUTH, TINONEE, UPPER LANSDOWNE, WALLABI POINT"
2431,"ARAKOON, JERSEYVILLE, SOUTH WEST ROCKS"
2439,"BATAR CREEK, BLACK CREEK, BOBS CREEK, HERONS CREEK, JOLLY NOSE, KENDALL, KEREWONG, KEW, LAKEWOOD, LOGANS CROSSING, LORNE, ROSSGLEN, SWANS CROSSING, UPSALLS CREEK"
2440,"ALDAVILLA, AUSTRAL EDEN, BELLBROOK, BELLIMBOPINNI, BELMORE RIVER, BURNT BRIDGE, CARRAI, CLYBUCCA, COLLOMBATTI, COMARA, CORANGULA, CRESCENT HEAD, DEEP CREEK, DONDINGALONG, EAST KEMPSEY, EUROKA, FREDERICKTON, GLADSTONE, GREENHILL, HAMPDEN HALL, HAT HEAD, HICKEYS CREEK, KEMPSEY, KINCHELA, LOWER CREEK, MILLBANK, MOONEBA, MOPARRABAH, MUNGAY CREEK, OLD STATION, POLA CREEK, RAINBOW REACH, SEVEN OAKS, SHERWOOD, SKILLION FLAT, SMITHTOWN, SOUTH KEMPSEY, SUMMER ISLAND, TEMAGOG, TOOROOKA, TURNERS FLAT, VERGES CREEK, WEST KEMPSEY, WILLAWARRIN, WILLI WILLI, WITTITRIN, YARRAVEL, YESSABAH"
2441,"ALLGOMERA, BALLENGARRA, BARRAGANYATTI, BRIL BRIL, COOPERABUNG, EUNGAI CREEK, EUNGAI RAIL, FISHERMANS REACH, GEARYS FLAT, GRASSY HEAD, GUM SCRUB, HACKS FERRY, KIPPARA, KUNDABUNG, MARLO MERRICAN, ROLLANDS PLAINS, STUARTS POINT, TAMBAN, TELEGRAPH POINT, UPPER ROLLANDS PLAINS, YARRAHAPINNI"
2443,"CAMDEN HEAD, CORALVILLE, CROWDY BAY, DEAUVILLE, DIAMOND HEAD, DUNBOGAN, HANNAM VALE, JOHNS RIVER, LAKEWOOD, LAURIETON, MIDDLE BROTHER, MOORLAND, NORTH BROTHER, NORTH HAVEN, STEWARTS RIVER, WAITUI, WEST HAVEN"
2444,"BLACKMANS POINT, FERNBANK CREEK, LAKE INNES, LIMEBURNERS CREEK, NORTH SHORE, PORT MACQUARIE, RIVERSIDE, THE HATCH, THRUMSTER"
2445,"BOBS CREEK, BONNY HILLS, GRANTS BEACH, JOLLY NOSE, LAKE CATHIE, WEST HAVEN"
2446,"BAGNOO, BAGO, BANDA BANDA, BEECHWOOD, BELLANGRY, BIRDWOOD, BROMBIN, BYABARRA, CAIRNCROSS, CROSSLANDS, DEBENHAM, DOYLES RIVER, ELLENBOROUGH, FORBES RIVER, FRAZERS CREEK, HARTYS PLAINS, HOLLISDALE, HUNTINGDON, HYNDMANS CREEK, KINDEE, KING CREEK, LAKE CATHIE, LAKE INNES, LONG FLAT, LOWER PAPPINBARRA, MORTONS CREEK, MOUNT SEAVIEW, PAPPINBARRA, PEMBROOKE, PIPECLAY, RAWDON ISLAND, REDBANK, ROSEWOOD, SANCROX, TOMS CREEK, UPPER PAPPINBARRA, WAUCHOPE, WERRIKIMBE, YARRAS, YARROWITCH, YIPPIN CREEK"
2447,"BAKERS CREEK, BURRAPINE, CONGARINNI, CONGARINNI NORTH, DONNELLYVILLE, GUMMA, MACKSVILLE, NAMBUCCA HEADS, NEWEE CREEK, NORTH MACKSVILLE, SCOTTS HEAD, TALARM, TAYLORS ARM, THUMB CREEK, UPPER TAYLORS ARM, UTUNGUN, WARRELL CREEK, WAY WAY, WIRRIMBI, YARRANBELLA"
2448,"HYLAND PARK, NAMBUCCA HEADS, VALLA, VALLA BEACH"
2449,"ARGENTS HILL, BOWRAVILLE, BUCKRA BENDINNI, CONGARINNI NORTH, GIRRALONG, KENNAICLE CREEK, KILLIEKRANKIE, MISSABOTTI, SOUTH ARM, TEWINGA"
2450,"BOAMBEE, BONVILLE, BROOKLANA, BUCCA, COFFS HARBOUR, CORAMBA, GLENREAGH, KARANGI, KORORA, LOWANNA, MOONEE BEACH, NANA GLEN, NORTH BOAMBEE VALLEY, SAPPHIRE BEACH, SHERWOOD, TOWALLUM, ULONG, UPPER CORINDI, UPPER ORARA, WILD CATTLE CREEK"
2452,"BOAMBEE EAST, SAWTELL, TOORMINA"
2453,"BIELSDOWN HILLS, BILLYS CREEK, BOSTOBRICK, CASCADE, CLOUDS CREEK, DEER VALE, DORRIGO, DORRIGO MOUNTAIN, DUNDURRABIN, EBOR, FERNBROOK, HERNANI, LOWANNA, MARENGO, MEGAN, MOONPAR, NEVER NEVER, NORTH DORRIGO, TALLOWWOOD RIDGE, THORA, TYRINGHAM, WILD CATTLE CREEK"
2454,"BELLINGEN, BRIERFIELD, BRINERVILLE, BUNDAGEN, DARKWOOD, FERNMOUNT, GLENIFFER, HYDES CREEK, KALANG, MYLESTOM, RALEIGH, REPTON, SPICKETTS CREEK, THORA, URUNGA, VALERY"
2455,"RALEIGH, URUNGA"
2456,"ARRAWARRA, ARRAWARRA HEADLAND, BARCOONGERE, CORINDI BEACH, DIRTY CREEK, EMERALD BEACH, MULLAWAY, RED ROCK, SAFETY BEACH, SANDY BEACH, SHERWOOD, UPPER CORINDI, WOOLGOOLGA"
2460,"ALUMY CREEK, BANYABBA, BARCOONGERE, BARRETTS CREEK, BARYULGIL, BLAXLANDS CREEK, BOM BOM, BOOKRAM, BRAUNSTONE, BRUSHGROVE, BUCCARUMBI, CALAMIA, CANGAI, CARNHAM, CARRS CREEK, CARRS ISLAND, CARRS PENINSULA, CHAELUNDI, CHAMBIGNE, CLARENZA, CLIFDEN, CLOUDS CREEK, COALDALE, COLLUM COLLUM, COOMBADJHA, COPMANHURST, COUTTS CROSSING, COWPER, CROWTHER ISLAND, DALMORTON, DEEP CREEK, DILKOON, DIRTY CREEK, DUMBUDGERY, EATONSVILLE, EIGHTEEN MILE, ELLAND, FINE FLOWER, FORTIS CREEK, GLENREAGH, GLENUGIE, GRAFTON, GREAT MARLOW, GURRANANG, HALFWAY CREEK, HEIFER STATION, JACKADGERY, JUNCTION HILL, KANGAROO CREEK, KEYBARBIN, KOOLKHAN, KREMNOS, KUNGALA, KYARRAN, LANITZA, LAWRENCE, LEVENSTRATH, LILYDALE, LIONSVILLE, LOWANNA, LOWER SOUTHGATE, MALABUGILMAH, MOLEVILLE CREEK, MOUNTAIN VIEW, MYLNEFORD, NEWBOLD, NYMBOIDA, PULGANBAR, PUNCHBOWL, RAMORNIE, RED ROCK, RUSHFORTH, SANDY CROSSING, SEELANDS, SHANNONDALE, SMITHS CREEK, SOUTH ARM, SOUTH GRAFTON, SOUTHAMPTON, SOUTHGATE, STOCKYARD CREEK, THE PINNACLES, THE SANDON, THE WHITEMAN, TRENAYR, TYNDALE, UPPER COPMANHURST, UPPER FINE FLOWER, WARRAGAI CREEK, WASHPOOL, WATERVIEW, WATERVIEW HEIGHTS, WELLS CROSSING, WHIPORIE, WHITEMAN CREEK, WINEGROVE, WOMBAT CREEK, WOOLI"
2462,"BARCOONGERE, CALLIOPE, COLDSTREAM, DIGGERS CAMP, GILLETTS RIDGE, GREAT MARLOW, LAKE HIAWATHA, LAVADIA, MINNIE WATER, PILLAR VALLEY, SWAN CREEK, TUCABIA, ULMARRA, WOOLI"
2463,"ASHBY, ASHBY HEIGHTS, ASHBY ISLAND, BOOKRAM, BROOMS HEAD, GULMARRAD, ILARWILL, JACKY BULBIN FLAT, JAMES CREEK, MACLEAN, PALMERS CHANNEL, PALMERS ISLAND, SANDON, SHARK CREEK, TALOUMBI, THE SANDON, TOWNSEND, TULLYMORGAN, WOODFORD ISLAND"
2464,"ANGOURIE, FREEBURN ISLAND, MICALO ISLAND, WOOLOWEYAH, YAMBA, YURAYGIR"
2465,HARWOOD
2466,"ILUKA, WOODY HEAD"
2469,"ALICE, BEAN CREEK, BINGEEBEEBRA CREEK, BONALBO, BOTTLE CREEK, BULLDOG, BUNGAWALBIN, BUSBYS FLAT, CAMBRIDGE PLATEAU, CAMIRA, CAPEEN CREEK, CHATSWORTH, CLEARFIELD, COONGBAR, CULMARAN CREEK, DEEP CREEK, DRAKE, DRAKE VILLAGE, DUCK CREEK, EWINGAR, GIBBERAGEE, GOODWOOD ISLAND, GORGE CREEK, HAYSTACK, HOGARTH RANGE, JACKSONS FLAT, JOES BOX, KIPPENDUFF, LOUISA CREEK, LOWER BOTTLE CREEK, LOWER DUCK CREEK, LOWER PEACOCK, MALLANGANEE, MOOKIMA WYBRA, MORORO, MOUNT MARSH, MUMMULGUM, MYRTLE CREEK, OLD BONALBO, PADDYS FLAT, PAGANS FLAT, PEACOCK CREEK, PIKAPENE, RAPPVILLE, SANDILANDS, SIMPKINS CREEK, SIX MILE SWAMP, TABULAM, THE FRESHWATER, THERESA CREEK, TUNGLEBUNG, UPPER DUCK CREEK, WARREGAH ISLAND, WHIPORIE, WOOMBAH, WYAN, YABBRA"
2470,"BABYL CREEK, BACKMEDE, CASINO, CLOVASS, COOMBELL, DOBIES BIGHT, DOUBTFUL CREEK, DYRAABA, ELLANGOWAN, FAIRY HILL, GREENRIDGE, HOGARTH RANGE, IRVINGTON, LEEVILLE, LOWER DYRAABA, MONGOGARIE, NAUGHTONS GAP, NORTH CASINO, PIORA, SEXTONVILLE, SHANNON BROOK, SPRING GROVE, STRATHEDEN, TOMKI, UPPER MONGOGARIE, WEST CORAKI, WOODVIEW, WOOLNERS ARM, YORKLEA"
2471,"BORA RIDGE, BUNGAWALBIN, CODRINGTON, CORAKI, EAST CORAKI, GREEN FOREST, GREENRIDGE, NORTH WOODBURN, SWAN BAY, TATHAM, WEST BUNGAWALBIN, WEST CORAKI, YORKLEA"
2472,"BROADWATER, BUCKENDOON, BUNGAWALBIN, ESK, KILGIN, NEW ITALY, RILEYS HILL, TABBIMOBLE, THE GAP, WOODBURN"
2473,"DOONBAH, EVANS HEAD, WOODBURN"
2474,"AFTERLEE, BARKERS VALE, BORDER RANGES, CAWONGLA, CEDAR POINT, COLLINS CREEK, COUGAL, DAIRY FLAT, EDEN CREEK, EDENVILLE, ETTRICK, FAWCETTS PLAIN, FINDON CREEK, GENEVA, GHINNI GHI, GRADYS CREEK, GREEN PIGEON, GREVILLIA, HOMELEIGH, HORSE STATION CREEK, HORSESHOE CREEK, IRON POT CREEK, KILGRA, KYOGLE, LITTLE BACK CREEK, LOADSTONE, LYNCHS CREEK, MEBBIN, NEW PARK, OLD GREVILLIA, PUMPENBIL, ROSEBERRY, ROSEBERRY CREEK, RUKENVALE, SAWPIT CREEK, SHERWOOD, SMITHS CREEK, TERRACE CREEK, THE RISK, TOONUMBAR, UNUMGAR, UPPER EDEN CREEK, UPPER HORSESHOE CREEK, WADEVILLE, WARRAZAMBIL CREEK, WEST WIANGAREE, WIANGAREE, WYNEDEN"
2475,"TOOLOOM, UPPER TOOLOOM, URBENVILLE"
2476,"ACACIA CREEK, BOOMI CREEK, BRUMBY PLAINS, CULLENDORE, KOREELAH, LEGUME, LINDESAY CREEK, LOWER ACACIA CREEK, MULI MULI, THE GLEN, WOODENBONG"
2477,"ALSTONVALE, ALSTONVILLE, BAGOTVILLE, CABBAGE TREE ISLAND, DALWOOD, EAST WARDELL, GOAT ISLAND, LYNWOOD, MEERSCHAUM VALE, PEARCES CREEK, PIMLICO ISLAND, ROUS, ROUS MILL, TEVEN, TUCKOMBIL, URALBA, WARDELL, WOLLONGBAR"
2478,"BALLINA, COOLGARDIE, CUMBALUM, EAST BALLINA, EMPIRE VALE, KEITH HALL, KINVARA, LENNOX HEAD, PATCHS BEACH, PIMLICO, PIMLICO ISLAND, SKENNARS HEAD, SOUTH BALLINA, TEVEN, TINTENBAR, WEST BALLINA"
2479,"BANGALOW, BINNA BURRA, BROOKLET, COOPERS SHOOT, COORABELL, EWINGSDALE, FERNLEIGH, KNOCKROW, MCLEODS SHOOT, NASHUA, NEWRYBAR, POSSUM CREEK, TEVEN"
2480,"BENTLEY, BEXHILL, BINNA BURRA, BLAKEBROOK, BLUE KNOB, BOAT HARBOUR, BOOERIE CREEK, BOORABEE PARK, BOOYONG, BUNGABBEE, CANIABA, CHILCOTTS GRASS, CLOVASS, CLUNES, COFFEE CAMP, CORNDALE, DORROUGHBY, DUNGARUBBA, DUNOON, EAST LISMORE, ELTHAM, EUREKA, FEDERAL, FERNSIDE, GEORGICA, GIRARDS HILL, GOOLMANGAR, GOONELLABAH, HOWARDS GRASS, JIGGI, KEERRONG, KOONORIGAN, LAGOON GRASS, LARNOOK, LEYCESTER, LILLIAN ROCK, LINDENDALE, LISMORE, LISMORE HEIGHTS, LOFTVILLE, MAROM CREEK, MCKEES HILL, MCLEANS RIDGES, MODANVILLE, MONALTRIE, MOUNTAIN TOP, NAUGHTONS GAP, NIGHTCAP, NIMBIN, NORTH LISMORE, NUMULGI, REPENTANCE CREEK, RICHMOND HILL, ROCK VALLEY, ROSEBANK, RUTHVEN, SOUTH GUNDURIMBA, SOUTH LISMORE, STONY CHUTE, TATHAM, TERANIA CREEK, THE CHANNON, TREGEAGLE, TUCKI TUCKI, TUCKURIMBA, TULLERA, TUNCESTER, TUNTABLE CREEK, WHIAN WHIAN, WOODLAWN, WYRALLAH"
2481,"BROKEN HEAD, BYRON BAY, COORABELL, EWINGSDALE, HAYTERS HILL, MYOCUM, SKINNERS SHOOT, SUFFOLK PARK, TALOFA, TYAGARAH"
2482,"GOONENGERRY, HUONBROOK, KOONYUM RANGE, MAIN ARM, MONTECOLLUM, MULLUMBIMBY, MULLUMBIMBY CREEK, PALMWOODS, UPPER COOPERS CREEK, UPPER MAIN ARM, UPPER WILSONS CREEK, WANGANUI, WILSONS CREEK"
2483,"BILLINUDGEL, BRUNSWICK HEADS, BURRINGBAR, CRABBES CREEK, MIDDLE POCKET, MOOBALL, MULLUMBIMBY, NEW BRIGHTON, OCEAN SHORES, SLEEPY HOLLOW, SOUTH GOLDEN BEACH, THE POCKET, UPPER BURRINGBAR, WOOYUNG, YELGUN"
2484,"BACK CREEK, BORDER RANGES, BRAY PARK, BRAYS CREEK, BYANGUM, BYRRILL CREEK, CEDAR CREEK, CHILLINGHAM, CHOWAN CREEK, CLOTHIERS CREEK, COMMISSIONERS CREEK, CONDONG, CRYSTAL CREEK, CUDGERA CREEK, DOON DOON, DULGUIGAN, DUM DUM, DUNBIBLE, DUNGAY, EUNGELLA, EVIRON, FARRANTS HILL, FERNVALE, HOPKINS CREEK, KIELVALE, KUNGHUR, KUNGHUR CREEK, KYNNUMBOON, LIMPINWOOD, MEBBIN, MIDGINBIL, MOUNT BURRELL, MOUNT WARNING, MURWILLUMBAH, NOBBYS CREEK, NORTH ARM, NUMINBAH, NUNDERI, PALMVALE, PUMPENBIL, RESERVE CREEK, ROUND MOUNTAIN, ROWLANDS CREEK, SMITHS CREEK, SOUTH MURWILLUMBAH, STOKERS SIDING, TERRAGON, TOMEWIN, TYALGUM, TYALGUM CREEK, TYGALGAH, UKI, UPPER CRYSTAL CREEK, UPPER DUROBY, UPPER HORSESHOE CREEK, URLIUP, WARDROP VALLEY, ZARA"
2485,"TWEED HEADS, TWEED HEADS WEST"
2486,"BANORA POINT, BILAMBIL, BILAMBIL HEIGHTS, BUNGALORA, CAROOL, COBAKI, COBAKI LAKES, DUROBY, GLENGARRIE, NORTH TUMBULGUM, PIGGABEEN, TERRANORA, TOMEWIN, TWEED HEADS SOUTH, UPPER DUROBY"
2487,"CASUARINA, CHINDERAH, CUDGEN, DURANBAH, FINGAL HEAD, KINGS FOREST, KINGSCLIFF, STOTTS CREEK"
2488,"BOGANGAR, CABARITA BEACH, TANGLEWOOD"
2489,"HASTINGS POINT, POTTSVILLE"
2490,"BUNGALORA, NORTH TUMBULGUM, TUMBULGUM"
2500,"CONISTON, CRINGILA, FIGTREE, GWYNNEVILLE, KEIRAVILLE, MANGERTON, MOUNT KEIRA, MOUNT SAINT THOMAS, NORTH WOLLONGONG, SPRING HILL, WEST WOLLONGONG, WOLLONGONG"
2502,"CRINGILA, LAKE HEIGHTS, PORT KEMBLA, PRIMBEE, WARRAWONG"
2505,"PORT KEMBLA, SPRING HILL, WOLLONGONG"
2506,"BERKELEY, LAKE HEIGHTS"
2508,"CLIFTON, COALCLIFF, DARKES FOREST, HELENSBURGH, LILYVALE, MADDENS PLAINS, OTFORD, STANWELL PARK, STANWELL TOPS, WORONORA DAM"
2515,"AUSTINMER, CLIFTON, COLEDALE, SCARBOROUGH, THIRROUL, WOMBARRA"
2516,"BULLI, WOONONA"
2517,"BULLI, RUSSELL VALE, WOONONA"
2518,"BELLAMBI, CORRIMAL, EAST CORRIMAL, TARRAWANNA, TOWRADGI"
2519,"BALGOWNIE, FAIRY MEADOW, FERNHILL, MOUNT OUSLEY, MOUNT PLEASANT, NORTH WOLLONGONG, TARRAWANNA"
2525,FIGTREE
2526,"CATARACT, CORDEAUX, CORDEAUX HEIGHTS, CRINGILA, FARMBOROUGH HEIGHTS, KEMBLA GRANGE, KEMBLA HEIGHTS, MOUNT KEMBLA, UNANDERRA"
2527,"ALBION PARK, ALBION PARK RAIL, CALDERWOOD, CROOM, TONGARRA, TULLIMBAR, YELLOW ROCK"
2528,"BARRACK HEIGHTS, BARRACK POINT, LAKE ILLAWARRA, MOUNT WARRIGAL, WARILLA, WINDANG"
2529,"BLACKBUTT, DUNMORE, FLINDERS, OAK FLATS, SHELL COVE, SHELLHARBOUR, SHELLHARBOUR CITY CENTRE"
2530,"AVONDALE, BROWNSVILLE, CLEVELAND, DAPTO, DOMBARTON, HAYWARDS BAY, HORSLEY, HUNTLEY, KANAHOOKA, KOONAWARRA, MARSHALL MOUNT, WONGAWILLI, YALLAH"
2533,"BOMBO, CURRAMORE, JAMBEROO, JERRARA, KIAMA, KIAMA DOWNS, KIAMA HEIGHTS, MINNAMURRA, SADDLEBACK MOUNTAIN"
2534,"BARREN GROUNDS, BROUGHTON VILLAGE, FOXGROUND, GERRINGONG, GERROA, ROSE VALLEY, TOOLIJOOA, WERRI BEACH, WILLOW VALE"
2535,"BACK FOREST, BELLAWONGARAH, BERRY, BERRY MOUNTAIN, BROGERS CREEK, BROUGHTON, BROUGHTON VALE, BROUGHTON VILLAGE, BUDDEROO, BUNDEWALLAH, COOLANGATTA, FAR MEADOW, JASPERS BRUSH, MEROO MEADOW, SHOALHAVEN HEADS, WATTAMOLLA, WOODHILL"
2536,"BATEHAVEN, BATEMANS BAY, BENANDARAH, BIMBIMBIE, BUCKENBOWRA, CATALINA, CURROWAN, DENHAMS BEACH, DEPOT BEACH, DURRAS NORTH, EAST LYNNE, GUERILLA BAY, JEREMADRA, LILLI PILLI, LONG BEACH, MALONEYS BEACH, MALUA BAY, MOGO, NELLIGEN, NORTH BATEMANS BAY, PEBBLY BEACH, ROSEDALE, RUNNYFORD, SOUTH DURRAS, SUNSHINE BAY, SURF BEACH, SURFSIDE, WOODLANDS"
2537,"BERGALIA, BINGIE, BROULEE, COILA, CONGO, DEUA, DEUA RIVER VALLEY, KIORA, MERINGO, MOGENDOURA, MORUYA, MORUYA HEADS, MOSSY POINT, TOMAKIN, TURLINJAH, TUROSS HEAD, WAMBAN"
2538,"BROOMAN, LITTLE FOREST, MILTON, MOGOOD, MOLLYMOOK, MOLLYMOOK BEACH, MORTON, NARRAWALLEE, PORTERS CREEK, WOODBURN, WOODSTOCK, YADBORO"
2539,"BAWLEY POINT, BENDALONG, BERRINGER LAKE, BURRILL LAKE, COCKWHY, CONJOLA, CONJOLA PARK, CROOBYAR, CUNJURONG POINT, DOLPHIN POINT, FISHERMANS PARADISE, KINGS POINT, KIOLOA, LAKE CONJOLA, LAKE TABOURIE, MANYANA, MOLLYMOOK, MOLLYMOOK BEACH, MOUNT KINGIMAN, NARRAWALLEE, POINTER MOUNTAIN, PRETTY BEACH, TERMEIL, ULLADULLA, YADBORO, YATTE YATTAH"
2540,"BAMARANG, BARRINGELLA, BASIN VIEW, BEAUMONT, BEECROFT PENINSULA, BERRARA, BEWONG, BOLONG, BOMADERRY, BOOLIJAH, BREAM BEACH, BROWNS MOUNTAIN, BRUNDEE, BUANGLA, BURRIER, CALLALA BAY, CALLALA BEACH, CAMBEWARRA, CAMBEWARRA VILLAGE, COMBERTON, COMERONG ISLAND, CUDMIRRAH, CULBURRA BEACH, CURRARONG, EROWAL BAY, ETTREMA, FALLS CREEK, GREENWELL POINT, HUSKISSON, HYAMS BEACH, ILLAROO, JERRAWANGALA, JERVIS BAY, KINGHORNE, LONGREACH, MAYFIELD, MEROO MEADOW, MONDAYONG, MOOLLATTOO, MUNDAMIA, MYOLA, NOWRA HILL, NUMBAA, OLD EROWAL BAY, ORIENT POINT, PARMA, PYREE, SANCTUARY POINT, ST GEORGES BASIN, SUSSEX INLET, SWANHAVEN, TALLOWAL, TAPITALLEE, TERARA, TIANJARA, TOMERONG, TULLARWALLA, TWELVE MILE PEG, VINCENTIA, WANDANDIAN, WATERSLEIGH, WOLLUMBOOLA, WOOLLAMIA, WORRIGEE, WORROWING HEIGHTS, WRIGHTS BEACH, YALWAL, YERRIYONG"
2541,"BANGALEE, BOLONG, BOMADERRY, NORTH NOWRA, NOWRA, SOUTH NOWRA, WEST NOWRA"
2545,"BELOWRA, BODALLA, CADGEE, EUROBODALLA, NERRIGUNDAH, POTATO POINT"
2546,"AKOLELE, BARRAGGA BAY, BERMAGUI, CENTRAL TILBA, CORUNNA, COUNTEGANY, CUTTAGEE, DALMENY, DIGNAMS CREEK, KIANGA, MURRAH, MYSTERY BAY, NAROOMA, NORTH NAROOMA, TILBA TILBA, TINPOT, WADBILLIGA, WALLAGA LAKE"
2548,"BERRAMBOOL, BOURNDA, MERIMBULA, MIRADOR, TURA BEACH, YELLOW PINCH"
2549,"BALD HILLS, BROADWATER, GREIGS FLAT, LOCHIEL, MERIMBULA, MILLINGANDI, NETHERCOTE, PAMBULA, PAMBULA BEACH, SOUTH PAMBULA"
2550,"ANGLEDALE, BEGA, BELOWRA, BEMBOKA, BLACK RANGE, BROGO, BUCKAJO, BURRAGATE, CANDELO, CHINNOCK, COBARGO, COOLAGOLITE, COOLANGUBRA, COOPERS GULLY, DEVILS HOLE, DOCTOR GEORGE MOUNTAIN, FROGS HOLLOW, GREENDALE, JELLAT JELLAT, KALARU, KAMERUKA, KANOONA, KINGSWOOD, MOGAREEKA, MOGILLA, MORANS CROSSING, MUMBULLA MOUNTAIN, MYRTLE MOUNTAIN, NELSON, NEW BUILDINGS, NUMBUGGA, PERICOE, QUAAMA, REEDY SWAMP, ROCKY HALL, SOUTH WOLUMLA, STONY CREEK, TANJA, TANTAWANGALO, TARRAGANDA, TATHRA, TOOTHDALE, TOWAMBA, VERONA, WALLAGOOT, WANDELLA, WAPENGO, WOG WOG, WOLUMLA, WYNDHAM, YAMBULLA, YANKEES CREEK, YOWRIE"
2551,"BOYDTOWN, EDEN, EDROM, GREEN CAPE, KIAH, NADGEE, NARRABARBA, NULLICA, NUNGATTA, NUNGATTA SOUTH, TIMBILLICA, WONBOYN, WONBOYN NORTH"
2555,BADGERYS CREEK
2556,"BRINGELLY, ORAN PARK"
2557,"CATHERINE FIELD, GLEDSWOOD HILLS, GREGORY HILLS, ROSSMORE, VARROVILLE"
2558,"EAGLE VALE, ESCHOL PARK, KEARNS"
2559,"BLAIRMOUNT, CLAYMORE"
2560,"AIRDS, AMBARVALE, APPIN, BLAIR ATHOL, BRADBURY, CAMPBELLTOWN, CATARACT, CORRIMAL, ENGLORIE PARK, GILEAD, GLEN ALPINE, KENTLYN, LEUMEAH, MENANGLE PARK, MINTO HEIGHTS, ROSEMEADOW, RUSE, ST HELENS PARK, WEDDERBURN, WOODBINE"
2563,"GLEN ALPINE, MENANGLE PARK"
2564,"LONG POINT, MACQUARIE FIELDS"
2565,"BARDIA, DENHAM COURT, INGLEBURN, MACQUARIE LINKS"
2566,"BOW BOWING, MINTO, MINTO HEIGHTS, RABY, ST ANDREWS, VARROVILLE"
2567,"CURRANS HILL, HARRINGTON PARK, MOUNT ANNAN, NARELLAN, NARELLAN VALE, SMEATON GRANGE"
2568,MENANGLE
2569,DOUGLAS PARK
2570,"BELIMBLA PARK, BICKLEY VALE, BLUE MOUNTAINS NATIONAL PARK, BROWNLOW HILL, CAMDEN, CAMDEN PARK, CAMDEN SOUTH, CAWDOR, COBBITTY, ELDERSLIE, ELLIS LANE, GLENMORE, GRASMERE, KIRKHAM, MOUNT HUNTER, NATTAI, OAKDALE, ORAN PARK, ORANGEVILLE, SPRING FARM, THE OAKS, THERESA PARK, WEROMBI"
2571,"BALMORAL, BUXTON, COURIDJAH, DOUGLAS PARK, MALDON, MOWBRAY PARK, PICTON, RAZORBACK, TAHMOOR, THIRLMERE, WILTON"
2572,"LAKESLAND, THIRLMERE"
2573,"TAHMOOR, THIRLMERE"
2574,"AVON, BARGO, PHEASANTS NEST, WONGAWILLI, YANDERRA"
2575,"ALPINE, AVON, AYLMERTON, BALACLAVA, BERRIMA, BOWRAL, BRAEMAR, BULLIO, COLO VALE, GOODMANS FORD, HIGH RANGE, HILL TOP, JOADJA, MANDEMAR, MITTAGONG, MOUNT LINDSEY, RENWICK, WATTLE RIDGE, WELBY, WILLOW VALE, WOODLANDS, YERRINBOOL"
2576,"BOWRAL, BURRADOO, EAST KANGALOON, GLENQUARRY, KANGALOON"
2577,"AVOCA, BARREN GROUNDS, BARRENGARRY, BEAUMONT, BELANGLO, BERRIMA, BROUGHTON VALE, BUDGONG, BURRAWANG, CANYONLEIGH, CARRINGTON FALLS, EAST KANGALOON, EXETER, FITZROY FALLS, GLENQUARRY, HIGH RANGE, KANGAROO VALLEY, KNIGHTS HILL, MACQUARIE PASS, MANCHESTER SQUARE, MANDEMAR, MEDWAY, MERYLA, MOSS VALE, MOUNT MURRAY, NEW BERRIMA, PADDYS RIVER, RED ROCKS, ROBERTSON, SUTTON FOREST, TAPITALLEE, UPPER KANGAROO RIVER, UPPER KANGAROO VALLEY, WERAI, WILDES MEADOW, WOODLANDS"
2578,"BUNDANOON, EXETER"
2579,"BIG HILL, BRAYTON, BUNDANOON, EXETER, MARULAN, PENROSE, SUTTON FOREST, TALLONG, WINGELLO"
2580,"BANNABY, BANNISTER, BAW BAW, BOXERS CREEK, BRISBANE GROVE, BUNGONIA, CARRICK, CHATSBURY, CURRAWANG, CURRAWEELA, GOLSPIE, GOODMANS FORD, GOULBURN, GREENWICH PARK, GUNDARY, JERRONG, KINGSDALE, LAKE BATHURST, LOWER BORO, MAYFIELD, MIDDLE ARM, MOUNT FAIRY, MUMMEL, MYRTLEVILLE, OALLEN, PALING YARDS, PARKESBOURNE, POMEROY, QUIALIGO, RICHLANDS, ROSLYN, RUN-O-WATERS, STONEQUARRY, TARAGO, TARALGA, TARLO, TIRRANNAVILLE, TOWRANG, WAYO, WIARBOROUGH, WINDELLAMA, WOMBEYAN CAVES, WOODHOUSELEE, YALBRAITH, YARRA"
2581,"BELLMOUNT FOREST, BEVENDALE, BIALA, BLAKNEY CREEK, BREADALBANE, BROADWAY, COLLECTOR, CULLERIN, CURRAWANG, DALTON, GUNNING, GURRUNDAH, LADE VALE, LAKE GEORGE, LERIDA, MERRILL, OOLONG, WOLLOGORANG"
2582,"BANGO, BERREMANGRA, BOAMBOLO, BOOKHAM, BOWNING, BURRINJUCK, CAVAN, GOOD HOPE, GUNDAROO, JEIR, JERRAWA, KANGIARA, LAVERSTOCK, MANTON, MARCHMONT, MULLION, MURRUMBATEMAN, NANIMA, NARRANGULLEN, WEE JASPER, WOOLGARLO, YASS, YASS RIVER"
2583,"BIGGA, BINDA, CROOKED CORNER, CROOKWELL, FULLERTON, GRABBEN GULLEN, LAGGAN, LIMERICK, LOST RIVER, NARRAWA, PEELWOOD, PEJAR, RUGBY, TUENA, WHEEO"
2584,"BINALONG, BOWNING"
2585,"CUNNINGAR, GALONG"
2586,"BOOROWA, FROGMORE, GODFREYS CREEK, MURRINGO, REIDS FLAT, RYE PARK, TAYLORS FLAT"
2587,"BARWANG, BEGGAN BEGGAN, COONEYS CREEK, CUNNINGAR, HARDEN, KINGSVALE, MCMAHONS REEF, MURRUMBURRAH, NUBBA, WOMBAT"
2588,WALLENDBEEN
2590,"BETHUNGRA, COOTAMUNDRA, ILLABO"
2594,"BARWANG, BERTHONG, BRIBBAREE, BULLA CREEK, BURRANGONG, CUNNINGAR, GALONG, KIKIAMAH, KINGSVALE, MAIMURU, MEMAGONG, MILVALE, MONTEAGLE, THUDDUNGRA, TUBBUL, WEEDALLION, YOUNG"
2600,"ACTON, BARTON, CAPITAL HILL, DEAKIN, PARKES, REID, RUSSELL, YARRALUMLA"
2601,"ACTON, CITY, PARKES, YARRALUMLA"
2602,"AINSLIE, DICKSON, DOWNER, HACKETT, LYNEHAM, O'CONNOR, WATSON"
2603,"FORREST, GRIFFITH, RED HILL"
2604,"KINGSTON, NARRABUNDAH"
2605,"CURTIN, GARRAN, HUGHES"
2606,"CHIFLEY, LYONS, O'MALLEY, PHILLIP"
2607,"FARRER, ISAACS, MAWSON, PEARCE, TORRENS"
2609,"CANBERRA AIRPORT, FYSHWICK, PIALLIGO, SYMONSTON"
2611,"BIMBERI, BRINDABELLA, CHAPMAN, COOLEMAN, COOMBS, DENMAN PROSPECT, DUFFY, FISHER, HOLDER, MOLONGLO, RIVETT, STIRLING, URIARRA, URIARRA VILLAGE, WARAMANGA, WESTON, WHITLAM, WRIGHT"
2612,"BRADDON, CAMPBELL, PIALLIGO, REID, TURNER"
2614,"ARANDA, COOK, HAWKER, MACQUARIE, PAGE, SCULLIN, WEETANGERA"
2615,"CHARNWOOD, DUNLOP, FLOREY, FLYNN, FRASER, HIGGINS, HOLT, LATHAM, MACGREGOR, MACNAMARA, MELBA, SPENCE, STRATHNAIRN"
2617,"BELCONNEN, BRUCE, EVATT, GIRALANG, KALEEN, LAWSON, MCKELLAR"
2618,"HALL, NANIMA, SPRINGRANGE, WALLAROO"
2619,JERRABOMBERRA
2620,"BEARD, BUNGENDORE, BURRA, CARWOOLA, CLEAR RANGE, CRESTWOOD, ENVIRONA, GOOGONG, GREENLEIGH, GUNDAROO, HUME, KARABAR, LAKE GEORGE, MICHELAGO, OAKS ESTATE, QUEANBEYAN, QUEANBEYAN EAST, QUEANBEYAN WEST, ROYALLA, SUTTON, THARWA, THE ANGLE, THE RIDGEWAY, TINDERRY, TRALEE, URILA, WAMBOIN, WILLIAMSDALE, YARROW"
2621,"ANEMBO, BUNGENDORE, BYWONG, FORBES CREEK, HOSKINSTOWN, PALERANG, PRIMROSE VALLEY, ROSSI, WAMBOIN"
2622,"ARALUEN, BACK CREEK, BALLALABA, BENDOURA, BERLANG, BOMBAY, BOOLIJAH, BORO, BRAIDWOOD, BUDAWANG, BULEE, CHARLEYS FOREST, COOLUMBURRA, CORANG, DEUA, DURRAN DURRA, ENDRICK, FARRINGDON, FORBES CREEK, HAROLDS CROSS, HEREFORD HALL, JEMBAICUMBENE, JERRABATTGULLA, JINDEN, JINGERA, KINDERVALE, KRAWARREE, LARBERT, MAJORS CREEK, MANAR, MARLOWE, MAYFIELD, MERRICUMBENE, MONGA, MONGARLOWE, MULLOON, MURRENGENBURG, NERINGLA, NERRIGA, NORTHANGERA, PALERANG, QUIERA, REIDSDALE, ROSSI, SASSAFRAS, SNOWBALL, ST GEORGE, TIANJARA, TOLWONG, TOMBOYE, TOUGA, WARRI, WOG WOG, WYANBENE"
2623,CAPTAINS FLAT
2624,"BLUE COW, BURRUNGUBUGGE, CHARLOTTE PASS, GUTHEGA, PERISHER VALLEY, SMIGGIN HOLES"
2625,THREDBO
2626,"BREDBO, BUMBALONG, COLINTON"
2627,"BULLOCKS FLAT, BURRUNGUBUGGE, BYADBO WILDERNESS, COBBERAS, CRACKENBACK, CREEL BAY, EAST JINDABYNE, GROSSES PLAIN, INGEBIRAH, INGEEGOODBEE, JACOBS RIVER, JINDABYNE, KALKITE, KOSCIUSZKO, MOONBAH, MUNYANG, NGARIGO, THREDBO, TOM GROGGIN, WILSONS VALLEY"
2628,"AVONSIDE, BELOKA, BERRIDALE, BRAEMAR BAY, BYADBO WILDERNESS, COOTRALANTRA, DALGETY, EUCUMBENE, HILL TOP, INGEBIRAH, INGEEGOODBEE, JIMENBUEN, NIMMO, NUMBLA VALE, PAUPONG, ROCKY PLAIN, SNOWY PLAIN"
2629,"ADAMINABY, ANGLERS REACH, BOLARO, BROKEN DAM, CABRAMURRA, GOOANDRA, KIANDRA, LONG PLAIN, NUNGAR, OLD ADAMINABY, PROVIDENCE PORTAL, TANTANGARA, TOLBAR, YAOUK"
2630,"ARABLE, BADJA, BILLILINGRA, BINJURA, BOBUNDARA, BUCKENDERRA, BUNGARBY, BUNYAN, CARLAMINDA, CHAKOLA, COOLRINGDON, COOMA, COUNTEGANY, DAIRYMANS PLAINS, DANGELONG, DRY PLAIN, FRYING PAN, GLEN FERGUS, GUNNINGRAH, IRONMUNGY, JERANGLE, MAFFRA, MIDDLE FLAT, MIDDLINGBANK, MURRUMBUCCA, MYALLA, NUMERALLA, PEAK VIEW, PINE VALLEY, POLO FLAT, RHINE FALLS, ROCK FLAT, ROSE VALLEY, SHANNONS FLAT, SPRINGFIELD, THE BROTHERS, TUROSS, WAMBROOK"
2631,"ANDO, BOCO, CREEWAH, GLEN ALLEN, GREENLANDS, HOLTS FLAT, JINCUMBILLY, KYBEYAN, MOUNT COOPER, NIMMITABEL, STEEPLE FLAT, WINIFRED"
2632,"BIBBENLUKE, BOMBALA, BONDI FOREST, BUKALONG, CAMBALONG, CATHCART, COOLUMBOOKA, CRAIGIE, GUNNINGRAH, LORDS HILL, MERRIANGAAH, MILA, MOUNT DARRAGH, PADDYS FLAT, PALARANG, QUIDONG, ROCKTON, ROSEMEATH, WOG WOG"
2633,"CORROWONG, DELEGATE, TOMBONG"
2640,"ALBURY, BUNGOWANNAH, EAST ALBURY, ETTAMOGAH, GLENROY, MOORWATHA, NORTH ALBURY, OURNIE, SOUTH ALBURY, SPLITTERS CREEK, TABLE TOP, TALMALMO, THURGOONA, WEST ALBURY, WIRLINGA, WYMAH"
2641,"HAMILTON VALLEY, LAVINGTON, SPRINGDALE HEIGHTS"
2642,"BIDGEEMIA, BROCKLESBY, BURRUMBUTTOCK, GEEHI, GEROGERY, GLENELLEN, GREG GREG, INDI, JAGUMBA, JAGUNGAL WILDERNESS, JINDERA, JINGELLIC, KHANCOBAN, MURRAY GORGE, RAND, TOM GROGGIN, TOOMA, WALBUNDRIE, WELAREGANG, WRATHALL, YERONG CREEK"
2643,HOWLONG
2644,"BOWNA, COPPABELLA, HOLBROOK, LANKEYS CREEK, LITTLE BILLABONG, MOUNTAIN CREEK, MULLENGANDRA, WANTAGONG, WOOMARGAMA, YARARA"
2645,"CULLIVEL, URANA"
2646,"BALLDALE, COLLENDINA, COREEN, COROWA, DAYSDALE, GOOMBARGANA, HOPEFIELD, LOWESDALE, NYORA, OAKLANDS, REDLANDS, RENNIE, RINGWOOD, SANGER, SAVERNAKE"
2647,MULWALA
2648,"ANABRANCH NORTH, ANABRANCH SOUTH, COOMEALLA, CURLWAA, ELLERSLIE, MOORARA, PAN BAN, PARA, PINE CAMP, POMONA, POONCARIE, RUFUS, SCOTIA, WENTWORTH"
2649,"LAUREL HILL, NURENMERENMONG"
2650,"ALFREDTOWN, ASHMONT, BELFRAYDEN, BIG SPRINGS, BOMEN, BOOK BOOK, BOOROOMA, BORAMBOLA, BOURKELANDS, BRUCEDALE, BULGARY, BURRANDANA, CARABOST, CARTWRIGHTS HILL, COLLINGULLIE, COOKARDINIA, CURRAWARNA, DHULURA, DOWNSIDE, EAST WAGGA WAGGA, ESTELLA, EUBERTA, EUNANOREENYA, GALORE, GELSTON PARK, GLENFIELD PARK, GOBBAGOMBALIN, GREGADOO, HAREFIELD, HILLGROVE, KAPOOKA, KOORINGAL, KYEAMBA, LAKE ALBERT, LLOYD, MAXWELL, MOORONG, MOUNT AUSTIN, NORTH WAGGA WAGGA, OBERNE CREEK, OURA, PULLETOP, ROWAN, SAN ISIDORE, SPRINGVALE, TATTON, THE GAP, TOLLAND, TURVEY PARK, WAGGA WAGGA, WALLACETOWN, WANTABADGERY, YARRAGUNDRY, YATHELLA"
2651,"ALFREDTOWN, FOREST HILL, GUMLY GUMLY"
2652,"BOORGA, BOREE CREEK, COWABBIE, CULLIVEL, FOREST HILL, GANMAIN, GOOLGOWI, GRONG GRONG, GUMLY GUMLY, HUMULA, LADYSMITH, LANDERVALE, MANGOPLAH, MARRAR, MATONG, MERRIWAGGA, MURRULEBALE, OLD JUNEE, ROSEWOOD, TABBITA, TARCUTTA, URANQUINTY"
2653,"BURRA, COURABYRA, GLENROY, MANNUS, MARAGLE, MUNDEROO, PADDYS RIVER, TARADALE, TUMBARUMBA, WESTDALE, WILLIGOBUNG"
2655,"FRENCH PARK, THE ROCK, TOOTOOL"
2656,"BROOKDALE, BROOKONG, FARGUNYAH, FRENCH PARK, LOCKHART, MILBRULONG, OSBORNE, URANGELINE, URANGELINE EAST"
2658,"HENTY, MUNYABLA, PLEASANT HILLS, RYAN"
2659,"ALMA PARK, WALLA WALLA"
2660,"CULCAIRN, MORVEN"
2661,KAPOOKA
2663,"ERIN VALE, EURONGILLY, JUNEE, MARINNA, WANTIOOL"
2665,"ARDLETHAN, ARIAH PARK, BARELLAN, BECKOM, BECTRIC, BINYA, KAMARAH, MIRROOL, MOOMBOOLDOOL, QUANDARY, TARA, WALLEROOBIE"
2666,"COMBANING, DIRNASEER, GIDGINBUNG, GROGAN, JUNEE REEFS, MIMOSA, MORANGARELL, NARRABURRA, PUCAWAN, REEFTON, SEBASTOPOL, SPRINGDALE, TEMORA, TRUNGLEY HALL"
2668,BARMEDMAN
2669,"BURCHER, ERIGOLIA, GIRRAL, KIKOIRA, MELBERGEN, MIRROOL, NARADHAN, RANKINS SPRINGS, TALLIMBA, TULLIBIGEAL, UNGARIE, WEETHALLE"
2671,"ALLEENA, BACK CREEK, BURCHER, LAKE COWAL, NORTH YALGOGRIN, WEST WYALONG, WYALONG"
2672,"CURLEW WATERS, LAKE CARGELLIGO, MURRIN BRIDGE, NARADHAN"
2675,"HILLSTON, LAKE BREWSTER, MONIA GAP, ROTO, WALLANTHERY"
2678,"CHARLES STURT UNIVERSITY, DOWNSIDE"
2680,"BEELBANGERA, BENEREMBAH, BILBUL, GRIFFITH, HANWOOD, KOOBA, LAKE WYANGAN, NERICON, THARBOGANG, WARBURN, WARRAWIDGEE, WIDGELLI, WILLBRIGGIE, YOOGALI"
2681,"MYALL PARK, YENDA"
2700,"COLINROOBIE, COROBIMILLA, CUDGEL, EUROLEY, GILLENBAH, MORUNDAH, NARRANDERA, SANDIGO"
2701,"BERRY JERRY, COOLAMON, METHUL, MIMOSA, RANNOCK"
2702,GANMAIN
2703,YANCO
2705,"BROBENAH, CORBIE HILL, GOGELDRIE, LEETON, MERUNGLE HILL, MURRAMI, STANBRIDGE, WHITTON, YANCO"
2706,"DARLINGTON POINT, WILLBRIGGIE"
2707,"ARGOON, COLEAMBALLY"
2710,"BARRATTA, BIRGANBIGIL, BOOROORBAN, BULLATALE, CALDWELL, CALIMO, CONARGO, COREE, DENILIQUIN, HARTWOOD, LINDIFFERON, MATHOURA, MAYRUNG, MOONBRIA, MORAGO, PRETTY PINE, STEAM PLAINS, STUD PARK, THULE, WAKOOL, WANDOOK, WANGANELLA, WARRAGOON, WILLURAH"
2711,"BOOLIGAL, CARRATHOOL, CLARE, CORRONG, GUNBAR, HAY, HAY SOUTH, KERI KERI, MAUDE, ONE TREE, OXLEY, WAUGORAH, YANGA"
2712,"BERRIGAN, BOOMANOOMANA, LALALTY, MULWALA"
2713,"BLIGHTY, FINLEY, LOGIE BRAE, MYRTLE PARK, PINE LODGE"
2714,"ARATULA, PINE LODGE, TOCUMWAL, TUPPAL, ULUPNA"
2715,"ARUMPO, BALRANALD, HATFIELD, KYALITE, MUNGO"
2716,"BUNDURE, FOUR CORNERS, GALA VALE, JERILDERIE, MABINS WELL, MAIRJIMMY"
2717,"COOMEALLA, DARETON"
2720,"ARGALONG, BLOWERING, BOGONG PEAKS WILDERNESS, BOMBOWLEE, BOMBOWLEE CREEK, BRUNGLE, BUDDONG, CABRAMURRA, COURAGAGO, GADARA, GILMORE, GOCUP, GOOBARRAGANDRA, JONES BRIDGE, KILLIMICAT, LACMALAC, LITTLE RIVER, MINJARY, MUNDONGO, PINBEYAN, RED HILL, TALBINGO, TUMORRAMA, TUMUT, TUMUT PLAINS, WEREBOLDERA, WERMATONG, WINDOWIE, WYANGLE, YARRANGOBILLY"
2721,"BARMEDMAN, BLAND, QUANDIALLA"
2722,"BRUNGLE, BRUNGLE CREEK, BURRA CREEK, DARBALARA, GOBARRALONG, GUNDAGAI, MOUNT ADRAH, MUTTAMA, NANGUS, RENO, SOUTH GUNDAGAI"
2725,STOCKINBINGAL
2726,"BERREMANGRA, COONEYS CREEK, JUGIONG"
2727,"ADJUNGBILLY, COOLAC"
2729,"ADELONG, BANGADANG, BLACK CREEK, CALIFAT, COOLEYS CREEK, DARLOW, ELLERSLIE, GRAHAMSTOWN, MOUNT HOREB, MUNDARLO, SANDY GULLY, SHARPS CREEK, TUMBLONG, WESTWOOD, WONDALGA, YAVEN CREEK"
2730,"BATLOW, COURABYRA, GREEN HILLS, KUNAMA, LOWER BAGO"
2731,"BUNNALOO, MOAMA, TANTONAN, THYRA, WOMBOOTA"
2732,"BARHAM, BURRABOI, CALDWELL, COBRAMUNGA, GONN, NOORONG, THULE, TULLAKOOL"
2733,"DHURAGOON, MOULAMEIN, NIEMUR"
2734,"CUNNINYEUK, DILPURRA, MALLAN, MELLOOL, MOOLPA, MURRAY DOWNS, STONY CROSSING, TOORANIE, WETUPPA"
2735,"KORALEIGH, SPEEWA"
2736,"GOODNIGHT, TOOLEYBUC"
2737,EUSTON
2738,"GOL GOL, MALLEE, MONAK, PARINGI, TRENTHAM CLIFFS"
2739,"BOEILL CREEK, BURONGA, MOURQUONG"
2745,"GLENMORE PARK, GREENDALE, LUDDENHAM, MULGOA, REGENTVILLE, WALLACIA"
2747,"CADDENS, CAMBRIDGE GARDENS, CAMBRIDGE PARK, CLAREMONT MEADOWS, JORDAN SPRINGS, KINGSWOOD, LLANDILO, SHANES PARK, WERRINGTON, WERRINGTON COUNTY, WERRINGTON DOWNS"
2748,"LUDDENHAM, MULGOA, ORCHARD HILLS"
2749,"CASTLEREAGH, CRANEBROOK"
2750,"EMU HEIGHTS, EMU PLAINS, JAMISONTOWN, LEONAY, MULGOA, PENRITH, REGENTVILLE, SOUTH PENRITH"
2752,"SILVERDALE, WARRAGAMBA"
2753,"AGNES BANKS, BOWEN MOUNTAIN, GROSE VALE, GROSE WOLD, HOBARTVILLE, LONDONDERRY, RICHMOND, RICHMOND LOWLANDS, YARRAMUNDI"
2754,"GROSE VALE, KURMOND, KURRAJONG, NORTH RICHMOND, TENNYSON, THE SLOPES"
2756,"BLIGH PARK, CATTAI, CENTRAL COLO, CLARENDON, COLO, COLO HEIGHTS, CORNWALLIS, CUMBERLAND REACH, EAST KURRAJONG, EBENEZER, FREEMANS REACH, GLOSSODIA, LOWER PORTLAND, MAROOTA, MCGRATHS HILL, MELLONG, MULGRAVE, PITT TOWN, PITT TOWN BOTTOMS, SACKVILLE, SACKVILLE NORTH, SCHEYVILLE, SOUTH MAROOTA, SOUTH WINDSOR, TENNYSON, UPPER COLO, UPPER MACDONALD, WHEENY CREEK, WILBERFORCE, WINDSOR, WINDSOR DOWNS, WOMERAH"
2757,"KURMOND, TENNYSON"
2758,"BERAMBING, BILPIN, BLAXLANDS RIDGE, BLUE MOUNTAINS NATIONAL PARK, EAST KURRAJONG, KURRAJONG, KURRAJONG HEIGHTS, KURRAJONG HILLS, MOUNT TOMAH, MOUNTAIN LAGOON, THE DEVILS WILDERNESS, WHEENY CREEK"
2759,"ERSKINE PARK, ST CLAIR"
2760,"COLYTON, NORTH ST MARYS, OXLEY PARK, ROPES CROSSING, ST MARYS"
2761,"COLEBEE, DEAN PARK, GLENDENNING, HASSALL GROVE, OAKHURST, PLUMPTON"
2762,"MARSDEN PARK, RIVERSTONE, ROUSE HILL, SCHOFIELDS, TALLAWONG"
2763,"ACACIA GARDENS, NIRIMBA FIELDS, QUAKERS HILL"
2765,"ANGUS, BERKSHIRE PARK, BOX HILL, GABLES, GRANTHAM FARM, MARAYLYA, MARSDEN PARK, MELONBA, NELSON, OAKVILLE, PITT TOWN, RICHARDS, RIVERSTONE, ROUSE HILL, SCHOFIELDS, VINEYARD"
2766,"EASTERN CREEK, ROOTY HILL"
2767,"BLACKTOWN, BUNGARRIBEE, DOONSIDE, WOODCROFT"
2768,"GLENWOOD, KINGS LANGLEY, PARKLEA, STANHOPE GARDENS"
2769,"KELLYVILLE RIDGE, QUAKERS HILL, STANHOPE GARDENS, THE PONDS"
2770,"BIDWILL, BLACKETT, DHARRUK, EMERTON, HEBERSHAM, LETHBRIDGE PARK, MINCHINBURY, MOUNT DRUITT, SHALVEY, TREGEAR, WHALAN, WILLMOT"
2773,"BLAXLAND, GLENBROOK, LAPSTONE"
2774,"BLAXLAND, GLENBROOK, MOUNT RIVERVIEW, WARRIMOO"
2775,"CENTRAL MACDONALD, FERNANCES, GUNDERMAN, HIGHER MACDONALD, LAUGHTONDALE, LEETS VALE, LOWER MACDONALD, MARLOW, MOGO CREEK, MOUNT WHITE, PERRYS CROSSING, SINGLETONS MILL, SPENCER, ST ALBANS, UPPER MACDONALD, WEBBS CREEK, WISEMANS FERRY, WOMERAH, WRIGHTS CREEK"
2776,FAULCONBRIDGE
2777,"HAWKESBURY HEIGHTS, SPRINGWOOD, SUN VALLEY, VALLEY HEIGHTS, WINMALEE, YELLOW ROCK"
2778,"BLUE MOUNTAINS NATIONAL PARK, FAULCONBRIDGE, LINDEN, WOODFORD"
2779,"BLUE MOUNTAINS NATIONAL PARK, HAZELBROOK, LAWSON, WOODFORD"
2780,"KATOOMBA, LEURA, MEDLOW BATH"
2782,WENTWORTH FALLS
2783,"BULLABURRA, LAWSON"
2784,BULLABURRA
2785,"BLACKHEATH, BLUE MOUNTAINS NATIONAL PARK, MEGALONG VALLEY"
2786,"BELL, BLUE MOUNTAINS NATIONAL PARK, DARGAN, MOUNT IRVINE, MOUNT VICTORIA, MOUNT WILSON"
2787,"BELL, BILPIN, BLACK SPRINGS, BLACKHEATH, BLUE MOUNTAINS NATIONAL PARK, CHATHAM VALLEY, DUCKMALOI, EDITH, ESSINGTON, GINGKIN, GURNANG, HAZELGROVE, JAUNTER, KANANGRA, KATOOMBA, LINDEN, MAYFIELD, MEADOW FLAT, MEDLOW BATH, MEGALONG VALLEY, MOUNT OLIVE, MOUNT WERONG, MOUNT WILSON, MOZART, NORWAY, OBERON, PORTERS RETREAT, SHOOTERS HILL, TARANA, THE DEVILS WILDERNESS, THE MEADOWS, WENTWORTH FALLS, WOLLANGAMBE, YERRANDERIE"
2790,"BEN BULLEN, BILPIN, BLACKMANS FLAT, BLUE MOUNTAINS NATIONAL PARK, BOWENFELS, CLARENCE, COBAR PARK, COLO HEIGHTS, CORNEY TOWN, CULLEN BULLEN, DOCTORS GAP, GANBENANG, GOOD FOREST, HAMPTON, HARTLEY, HARTLEY VALE, HASSANS WALLS, HERMITAGE FLAT, JENOLAN, KANIMBLA, LIDSDALE, LITHGOW, LITTLE HARTLEY, LITTLETON, LOWTHER, MARRANGAROO, MCKELLARS PARK, MEGALONG VALLEY, MORTS ESTATE, MOUNT LAMBIE, NEWNES, NEWNES PLATEAU, OAKEY PARK, POTTERY ESTATE, RYDAL, SHEEDYS GULLY, SODWALLS, SOUTH BOWENFELS, SOUTH LITTLETON, STATE MINE GULLY, VALE OF CLWYDD, WALLERAWANG, WOLGAN VALLEY, WOLLANGAMBE"
2791,"CARCOAR, ERROWANBANG"
2792,"BURNT YARDS, MANDURAMA"
2793,"COWRA, DARBYS FALLS, LYNDHURST, ROSEBERG, WOODSTOCK"
2794,"BUMBALDRY, COWRA, HOVELLS CREEK, MOUNT COLLINS, WATTAMONDARA"
2795,"ABERCROMBIE, ABERCROMBIE RIVER, ARKELL, ARKSTONE, BALD RIDGE, BALLYROE, BATHAMPTON, BATHURST, BILLYWILLINGA, BREWONGLE, BRUINBUN, BURRAGA, CALOOLA, CARCALGONG, CHARLTON, CLEAR CREEK, COLO, COPPERHANNIA, COW FLAT, CRUDINE, CURRAGH, DARK CORNER, DOG ROCKS, DUNKELD, DURAMANA, EGLINTON, EVANS PLAINS, FITZGERALDS VALLEY, FOREST GROVE, FOSTERS VALLEY, FREEMANTLE, GEMALLA, GEORGES PLAINS, GILMANDYKE, GLANMIRE, GORMANS HILL, GOWAN, HOBBYS YARDS, ISABELLA, JEREMY, JUDDS CREEK, KELSO, KILLONGBUTTA, KIRKCONNELL, LAFFING WATERS, LIMEKILNS, LLANARTH, LOCKSLEY, LOWER LEWIS PONDS, MEADOW FLAT, MILKERS FLAT, MILLAH MURRAH, MITCHELL, MOORILDA, MOUNT DAVID, MOUNT PANORAMA, MOUNT RANKIN, NAPOLEON REEF, NEWBRIDGE, O'CONNELL, ORTON PARK, PALING YARDS, PALMERS OAKY, PEEL, PERTHVILLE, RAGLAN, ROBIN HILL, ROCK FOREST, ROCKLEY, ROCKLEY MOUNT, SOFALA, SOUTH BATHURST, STEWARTS MOUNT, SUNNY CORNER, TANNAS MOUNT, THE LAGOON, THE ROCKS, TRIANGLE FLAT, TRUNKEY CREEK, TURONDALE, TWENTY FORESTS, UPPER TURON, WALANG, WAMBOOL, WATTLE FLAT, WATTON, WEST BATHURST, WHITE ROCK, WIAGDON, WIMBLEDON, WINBURNDALE, WINDRADYNE, WISEMANS CREEK, YARRAS, YETHOLME"
2797,"GARLAND, LYNDHURST"
2798,"FOREST REEFS, GUYONG, MILLTHORPE, SPRING TERRACE, TALLWOOD"
2799,"BARRY, BLAYNEY, BROWNS CREEK, FITZGERALDS MOUNT, KINGS PLAINS, NEVILLE, VITTORIA"
2800,"BELGRAVIA, BOREE, BORENORE, BYNG, CADIA, CANOBOLAS, CARGO, CLERGATE, CLIFTON GROVE, EMU SWAMP, FOREST REEFS, FOUR MILE CREEK, HUNTLEY, KANGAROOBIE, KERRS CREEK, LEWIS PONDS, LIDSTER, LOWER LEWIS PONDS, LUCKNOW, MARCH, MULLION CREEK, NASHDALE, OPHIR, ORANGE, PANUARA, SHADFORTH, SPRING CREEK, SPRING HILL, SPRINGSIDE, SUMMER HILL CREEK, WALDEGRAVE, WINDERA"
2803,"BENDICK MURRELL, CROWTHER, WIRRIMAH"
2804,"BILLIMARI, CANOWINDRA, MOORBEL, NYRANG CREEK"
2805,GOOLOOGONG
2806,EUGOWRA
2807,KOORAWATHA
2808,WYANGALA
2809,GREENETHORPE
2810,"BIMBI, CARAGABAL, GLENELG, GRENFELL, PINEY RANGE, PINNACLE, PULLABOOKA, WARRADERRY"
2817,"GULARGAMBONE, MENDOORAN, TONDERBURINE, TOORAWEENAH, WARRUMBUNGLE"
2818,"BENOLONG, GEURIE, PONTO, TERRABELLA"
2820,"APSLEY, ARTHURVILLE, BAKERS SWAMP, BODANGORA, COMOBELLA, CURRA CREEK, DRIPSTONE, FARNHAM, GOLLAN, HARGRAVES, LAKE BURRENDONG, MARYVALE, MONTEFIORES, MOOKERAWA, MOUNT AQUILA, MOUNT ARTHUR, MUMBIL, NEUREA, SPICERS CREEK, STUART TOWN, SUNTOP, WALMER, WELLINGTON, WUULUMAN, YARRAGAL"
2821,"BURROWAY, NARROMINE"
2822,"BALLADORAN, EUMUNGERIE"
2823,"BUNDEMAR, CATHUNDRAL, DANDALOO, GIN GIN, NARROMINE, TRANGIE"
2824,"BEEMUNNEL, BULLAGREEN, EENAWEENA, MARTHAGUY, MOUNT FOSTER, MOUNT HARRIS, MUMBLEBONE PLAIN, OXLEY, PIGEONBAH, PINE CLUMP, RAVENSWOOD, RED HILL, SNAKES PLAIN, TENANDRA, WARREN"
2825,"BABINDA, BUDDABADAH, CANONBA, HONEYBUGLE, MIANDETTA, MULLA, MULLENGUDGERY, MURRAWOMBIE, NYNGAN, PANGEE"
2826,"BOGAN, NEVERTIRE"
2827,"BALLADORAN, BEARBONG, BIDDON, BREELONG, COLLIE, CURBAN, GILGANDRA, MENDOORAN, MERRIGAL"
2828,"ARMATREE, BLACK HOLLOW, BOURBAH, CURBAN, GULARGAMBONE, MOUNT TENANDRA, QUANDA, TONDERBURINE, WARRUMBUNGLE"
2829,"BILLEROY, COMBARA, CONIMBIA, COONAMBLE, GILGOOMA, GUNGALMAN, MAGOMETON, NEBEA, PINE GROVE, TERIDGERIE, TOOLOON, URAWILKIE, WINGADEE"
2830,"BALLADORAN, BALLIMORE, BROCKLEHURST, DUBBO, GOONOO FOREST, KICKABIL, MINORE, MOGRIGUY, RAWSONVILLE, TERRAMUNGAMINE, TOONGI, WAMBANGALANG, WONGARBON"
2831,"BYROCK, CARINDA, COOLABAH, COONAMBLE, ELONG ELONG, GIRILAMBONE, HERMIDALE, MACQUARIE MARSHES, MERRYGOEN, NEILREX, NYMAGEE, QUAMBONE, THE MARRA, WONGARBON"
2832,"COLLARENEBRI, COME BY CHANCE, CRYON, CUMBORAH, GRAWIN OPAL FIELDS, WALGETT"
2833,COLLARENEBRI
2834,"ANGLEDOOL, LIGHTNING RIDGE"
2835,"BULLA, CANBELEGO, COBAR, CUBBA, IRYMPLE, KERRIGUNDI, KULWIN, NOONA, SANDY CREEK, TINDAREY"
2836,"WHITE CLIFFS, WILCANNIA"
2838,GOODOOGA
2839,"BREWARRINA, COLLERINA, GONGOLGON, NARRAN LAKE, TALAWANTA, WEILMORINGLE"
2840,"BARRINGUN, BOURKE, ENNGONIA, FORDS BRIDGE, GUMBALIE, GUNDERBOOKA, HUNGERFORD, LOUTH, NORTH BOURKE, TILPA, WANAARING, YANTABULLA"
2842,"BINNAWAY, MENDOORAN, MOLLYAN, YARRAGRIN"
2843,COOLAH
2844,"BIRRIWA, COBBORA, DUNEDOO, ELONG ELONG, GOONOO FOREST, LEADVILLE, TALLAWANG"
2845,WALLERAWANG
2846,"CAPERTEE, GLEN DAVIS, NEWNES PLATEAU, ROUND SWAMP, WOLLANGAMBE"
2847,PORTLAND
2848,"BROGANS CREEK, CHARBON, CLANDULLA, KANDOS, MOUNT MARSDEN, RYLSTONE"
2849,"BARA, BOGEE, BOTOBOLAR, BREAKFAST CREEK, BUDDEN, BYLONG, CAMBOON, CARWELL, COGGAN, COLO HEIGHTS, COXS CREEK, COXS CROWN, DABEE, DUNGEREE, DUNVILLE LOOP, GINGHI, GLEN ALICE, GROWEE, KELGOOLA, LEE CREEK, MELLONG, MOUNT MARSDEN, MURRUMBO, NULLO MOUNTAIN, OLINDA, PINNACLE SWAMP, PYANGLE, RYLSTONE, UPPER BYLONG, UPPER GROWEE, UPPER NILE, WOLLEMI"
2850,"AARONS PASS, APPLE TREE FLAT, AVISFORD, BARA, BARIGAN, BOCOBLE, BOMBIRA, BOTOBOLAR, BUCKAROO, BUDGEE BUDGEE, BURRUNDULLA, CAERLEON, CANADIAN LEAD, CARCALGONG, COLLINGWOOD, COOKS GAP, COOYAL, COPE, CROSS ROADS, CUDGEGONG, CULLENBONE, CUMBO, ERUDGERE, EURUNDEREE, FROG ROCK, GALAMBINE, GRATTAI, GREEN GULLY, HARGRAVES, HAVILAH, HAYES GAP, HILL END, HOME RULE, ILFORD, KAINS FLAT, LAKE BURRENDONG, LINBURN, LUE, MAITLAND BAR, MENAH, MEROO, MILROY, MOGO, MONIVAE, MOOLARBEN, MOUNT FROME, MOUNT KNOWLES, MUDGEE, MULLAMUDDY, MUNGHORN, PIAMBONG, PUTTA BUCCA, PYRAMUL, QUEENS PINCH, RIVERLEA, ROUND SWAMP, RUNNING STREAM, SALLYS FLAT, SOFALA, SPRING FLAT, ST FILLANS, STONY CREEK, TAMBAROORA, TICHULAR, TOTNES VALLEY, TRIAMBLE, TURILL, TWELVE MILE, TWO MILE FLAT, ULAN, ULLAMALLA, UPPER TURON, WILBETREE, WILPINJONG, WINDEYER, WOLLAR, WORLDS END, YARRABIN, YARRAWONGA"
2852,"BARNEYS REEF, BERYL, BUNGABA, COPE, CUMBANDRY, GOOLMA, GULGONG, GUNTAWANG, MEBUL, MEROTHERIE, STUBBO, TALLAWANG, TWO MILE FLAT"
2864,"BOWAN PARK, CUDAL, MURGA, TOOGONG"
2865,"BOCOBRA, BUMBERRY, GUMBLE, MANILDRA, MOLONG"
2866,"AMAROO, BOOMEY, CUNDUMBUL, EUCHAREENA, GARRA, LARRAS LEE, MOLONG"
2867,"BALDRY, CUMNOCK, EURIMBLA, YULLUNDRY"
2868,"BOURNEWOOD, NORTH YEOVAL, OBLEY, YEOVAL"
2869,"PEAK HILL, TOMINGLEY, TREWILGA"
2870,"ALECTOWN, COOKAMIDGERA, COOKS MYALLS, DAROOBALGIE, EUGOWRA, FORBES, GOONUMBLA, MANDAGERY, PARKES, TICHBORNE"
2871,"BEDGERABONG, CORINELLA, FAIRHOLME, FORBES, GAREMA, JEMALONG, MULYANDRY, OOMA, PAYTENS BRIDGE, WARRADERRY, WARROO, WIRRINYA"
2873,"ALBERT, FIVE WAYS, MIAMLEY, TOTTENHAM"
2874,TULLAMORE
2875,"BRUIE PLAINS, FIFIELD, OOTHA, TRUNDLE, YARRABANDAI"
2876,"BEDGERABONG, BOGAN GATE, GUNNING GAP, GUNNINGBLAND, NELUNGALOO"
2877,"BOBADAH, BOONA MOUNT, CONDOBOLIN, DERRIWONG, EREMERANG, EUABALONG, EUABALONG WEST, GILGUNNIA, KIACATOO, MOUNT HOPE, MULGUTHRIE, TOTTENHAM"
2878,"IVANHOE, MOSSGIEL"
2879,"MENINDEE, SUNSET STRIP"
2880,"BROKEN HILL, BROUGHAMS GATE, FOWLERS GAP, LITTLE TOPAR, MENINDEE, MILPARINKA, MUTAWINTJI, PACKSADDLE, SILVERTON, TIBOOBURRA"
2898,LORD HOWE ISLAND
2899,NORFOLK ISLAND
2900,GREENWAY
2902,"KAMBAH, WANNIASSA"
2903,"OXLEY, WANNIASSA"
2904,"FADDEN, GOWRIE, MACARTHUR, MONASH"
2905,"BONYTHON, CALWELL, CHISHOLM, GILMORE, ISABELLA PLAINS, RICHARDSON, THEODORE"
2906,"BANKS, CONDER, GORDON"
2911,"CRACE, MITCHELL"
2912,GUNGAHLIN
2913,"CASEY, FRANKLIN, NGUNNAWAL, NICHOLLS, PALMERSTON, TAYLOR"
2914,"AMAROO, BONNER, FORDE, HARRISON, JACKA, MONCRIEFF, THROSBY"
